Person Count,Height (cm),Weight (kg),Gender,Age,Time of Day,Density Level,Occlusion Level,Clothing Color,Posture,Carrying Object,Facial Visibility,Emotion,Group Size,Distance from Camera (m),Walking Speed (m/s)
6,160,51,Male,44,Morning,Very High,Low,Purple,Upright,Laptop,Visible,Sad,8,26,1.34
20,178,93,Female,55,Afternoon,Very High,Medium,Blue,Upright,Purse,Visible,Happy,8,48,1.79
18,152,70,Female,15,Afternoon,Medium,High,Yellow,Mixed,Purse,Partially Visible,Neutral,8,38,1.68
13,161,72,Male,27,Afternoon,Low,Medium,Brown,Upright,No Object,Visible,Neutral,9,56,2.47
13,155,65,Female,24,Night,High,Medium,Brown,Upright,No Object,Visible,Happy,3,13,1.63
22,153,58,Female,39,Evening,Medium,Medium,Black,Upright,Laptop,Partially Visible,Neutral,6,52,2.17
6,152,92,Male,37,Morning,High,Medium,Green,Upright,No Object,Visible,Neutral,2,36,1.93
18,153,69,Male,54,Evening,Medium,Medium,Red,Bending,No Object,Partially Visible,Neutral,5,47,2.23
9,170,78,Female,56,Night,Low,High,Red,Upright,Purse,Visible,Sad,4,47,2.18
6,163,46,Male,49,Afternoon,Low,Low,Blue,Upright,Purse,Partially Visible,Neutral,3,36,2.47
15,164,58,Female,21,Night,Very High,Medium,Black,Upright,Purse,Visible,Sad,7,29,1.21
24,166,85,Male,13,Evening,Low,Medium,Red,Moving,No Object,Visible,Happy,5,49,2.66
19,178,49,Female,55,Night,High,High,Brown,Moving,Bag,Partially Visible,Happy,5,32,1.56
20,183,50,Female,57,Night,Medium,Low,Brown,Moving,No Object,Visible,Neutral,10,58,2.56
19,168,85,Female,24,Morning,Medium,Low,Green,Upright,Bag,Visible,Sad,4,41,2.12
20,173,60,Female,14,Night,Medium,Low,Red,Upright,No Object,Visible,Neutral,2,40,2.48
15,178,58,Male,44,Morning,Medium,Medium,Black,Upright,Bag,Visible,Neutral,9,37,1.98
7,176,73,Male,40,Night,High,Medium,Yellow,Mixed,Bag,Visible,Neutral,3,18,1.52
21,151,54,Female,54,Night,High,Low,Green,Upright,No Object,Not Visible,Sad,11,46,1.78
14,189,47,Female,39,Afternoon,Low,Low,Yellow,Upright,Laptop,Visible,Sad,8,18,1.94
15,152,45,Male,48,Morning,Medium,High,Green,Mixed,No Object,Partially Visible,Neutral,3,38,1.85
12,163,48,Female,49,Afternoon,High,Medium,Red,Mixed,No Object,Visible,Neutral,7,48,1.85
8,174,52,Female,12,Afternoon,High,Medium,Brown,Upright,No Object,Visible,Neutral,11,29,1.5
23,163,79,Male,19,Evening,Medium,Low,Purple,Moving,Purse,Partially Visible,Sad,11,59,2.18
20,155,59,Male,49,Morning,High,Low,Purple,Upright,No Object,Partially Visible,Neutral,5,14,1.6
17,186,48,Female,20,Morning,Low,Low,Purple,Upright,Purse,Not Visible,Neutral,1,16,2.25
13,148,45,Female,21,Afternoon,Low,Low,Red,Upright,Bag,Visible,Sad,1,21,2.22
21,156,68,Male,48,Night,High,Medium,Red,Mixed,Laptop,Visible,Neutral,10,58,1.83
15,189,87,Female,21,Afternoon,High,Low,Black,Upright,No Object,Partially Visible,Neutral,8,34,1.8
13,177,61,Female,19,Afternoon,High,Low,Purple,Moving,Purse,Visible,Neutral,8,19,1.6
14,148,48,Male,12,Morning,Low,Low,Purple,Upright,No Object,Visible,Neutral,8,58,2.8
9,178,56,Male,34,Afternoon,Medium,Low,Blue,Bending,No Object,Visible,Neutral,9,27,1.96
6,188,69,Female,42,Afternoon,High,Low,Green,Bending,Bag,Visible,Happy,6,19,1.77
16,149,54,Male,47,Afternoon,Low,Low,Brown,Moving,Bag,Not Visible,Sad,5,54,2.41
22,163,93,Male,55,Afternoon,Medium,Low,Purple,Mixed,No Object,Not Visible,Neutral,3,13,1.81
6,166,83,Male,43,Afternoon,High,Medium,Blue,Moving,No Object,Partially Visible,Sad,4,57,1.92
22,150,62,Female,48,Evening,Low,High,Purple,Moving,No Object,Visible,Neutral,9,7,1.63
21,154,92,Male,22,Afternoon,Medium,Medium,Yellow,Upright,No Object,Partially Visible,Sad,1,36,1.95
10,152,61,Female,28,Night,Low,Low,Red,Mixed,No Object,Partially Visible,Neutral,2,37,2.57
17,153,52,Female,26,Evening,Very High,High,Yellow,Upright,No Object,Partially Visible,Neutral,9,57,1.41
8,163,91,Male,15,Evening,Low,High,Brown,Upright,No Object,Partially Visible,Sad,8,56,2.03
20,165,92,Male,58,Evening,Low,Medium,Purple,Bending,No Object,Not Visible,Neutral,2,51,2.49
19,155,60,Male,23,Night,Low,Low,Blue,Upright,Laptop,Visible,Sad,1,55,2.73
12,158,74,Male,33,Afternoon,Low,Medium,Purple,Bending,Purse,Partially Visible,Neutral,3,52,2.5
6,153,53,Female,29,Night,Low,High,Red,Upright,Purse,Not Visible,Happy,2,33,2.06
24,180,77,Female,14,Morning,High,High,Red,Upright,No Object,Not Visible,Neutral,4,52,1.67
13,154,79,Female,55,Morning,Low,Medium,Black,Mixed,Laptop,Not Visible,Sad,10,47,2.06
22,185,80,Female,22,Night,Medium,Medium,Brown,Mixed,No Object,Visible,Neutral,10,26,1.74
18,169,73,Female,16,Night,Low,High,Blue,Upright,Laptop,Partially Visible,Neutral,4,53,2.26
20,181,80,Female,28,Morning,Medium,Low,Blue,Mixed,No Object,Visible,Happy,4,6,1.96
20,173,72,Female,18,Evening,Low,Low,Green,Upright,Bag,Partially Visible,Neutral,10,10,1.91
8,156,85,Male,59,Evening,High,High,Red,Upright,No Object,Visible,Sad,5,14,1.15
12,172,53,Female,21,Morning,High,Low,Blue,Mixed,Laptop,Visible,Sad,3,34,1.93
14,157,69,Male,26,Evening,High,Low,Blue,Bending,No Object,Not Visible,Neutral,9,9,1.23
14,150,65,Female,25,Evening,Low,Low,Purple,Moving,Laptop,Not Visible,Happy,6,17,2.14
5,156,71,Male,13,Evening,Very High,Low,Purple,Upright,Purse,Visible,Happy,10,18,1.43
15,157,52,Female,12,Evening,High,Low,Brown,Upright,No Object,Visible,Happy,10,18,1.63
8,151,61,Female,36,Night,Low,Medium,Brown,Upright,Purse,Visible,Sad,9,8,1.73
19,146,92,Male,23,Morning,Medium,Medium,Red,Mixed,No Object,Visible,Neutral,11,17,1.59
18,187,50,Female,16,Evening,High,Medium,Red,Upright,Purse,Visible,Happy,6,20,1.61
23,168,76,Female,25,Afternoon,Medium,Low,Green,Upright,No Object,Not Visible,Neutral,7,46,2.15
19,163,78,Female,25,Night,Medium,High,Purple,Upright,Purse,Visible,Neutral,1,37,1.95
12,186,68,Male,32,Afternoon,High,Medium,Black,Bending,Laptop,Visible,Neutral,2,22,1.61
24,155,46,Female,59,Night,Low,High,Yellow,Upright,No Object,Partially Visible,Sad,2,12,1.62
13,163,46,Female,26,Evening,Very High,Low,Green,Moving,Purse,Visible,Neutral,11,33,1.48
11,183,58,Male,45,Morning,Low,Low,Green,Bending,Bag,Visible,Happy,3,22,2.4
23,173,50,Male,48,Night,Low,High,Yellow,Upright,Purse,Visible,Sad,7,43,2.1
12,162,49,Female,14,Morning,Low,High,Black,Upright,No Object,Visible,Happy,5,17,1.91
6,156,53,Male,36,Afternoon,Medium,Low,Yellow,Upright,No Object,Partially Visible,Sad,9,59,2.2
14,146,54,Male,33,Afternoon,Very High,Medium,Yellow,Moving,No Object,Partially Visible,Neutral,4,10,1.04
20,148,86,Female,36,Evening,High,Medium,Yellow,Moving,No Object,Visible,Sad,11,50,1.64
8,152,76,Male,20,Afternoon,Very High,Low,Brown,Upright,No Object,Not Visible,Happy,6,42,1.79
14,180,46,Male,34,Evening,Medium,Medium,Yellow,Bending,Laptop,Not Visible,Neutral,3,42,2.04
7,173,76,Male,17,Evening,Medium,Low,Black,Upright,Purse,Not Visible,Sad,5,54,2.24
18,164,51,Male,57,Morning,Medium,Low,Green,Moving,Purse,Not Visible,Sad,5,29,1.89
14,180,66,Male,40,Morning,Low,High,Black,Mixed,No Object,Not Visible,Sad,8,44,1.84
11,152,46,Female,13,Afternoon,Very High,Medium,Green,Moving,No Object,Not Visible,Happy,4,34,1.57
9,154,49,Female,36,Morning,Medium,High,Red,Upright,Purse,Visible,Neutral,1,42,2.04
16,162,51,Female,56,Night,Medium,Medium,Green,Upright,Purse,Visible,Neutral,9,35,1.85
18,186,66,Male,47,Afternoon,Medium,High,Black,Mixed,Bag,Partially Visible,Neutral,11,59,1.96
23,172,68,Male,25,Afternoon,High,Medium,Black,Upright,Purse,Not Visible,Neutral,3,22,1.49
13,183,62,Female,54,Evening,Low,Medium,Green,Bending,No Object,Not Visible,Neutral,10,45,2.12
8,156,76,Male,20,Night,High,Low,Yellow,Mixed,Purse,Partially Visible,Neutral,1,14,1.73
21,183,81,Female,23,Evening,High,Medium,Blue,Moving,Purse,Not Visible,Happy,4,7,1.35
17,148,81,Male,19,Evening,High,Medium,Brown,Bending,No Object,Partially Visible,Sad,1,43,1.83
19,155,73,Female,56,Night,Low,Medium,Blue,Bending,Purse,Partially Visible,Sad,5,17,1.87
6,168,72,Female,46,Night,Low,Low,Purple,Mixed,No Object,Visible,Neutral,7,5,1.96
11,147,69,Female,36,Morning,Medium,Low,Brown,Upright,No Object,Visible,Sad,11,40,2.0
20,183,56,Male,44,Morning,Very High,High,Black,Mixed,No Object,Visible,Sad,10,38,1.05
21,184,69,Male,24,Afternoon,Very High,High,Black,Upright,Purse,Visible,Happy,11,40,1.55
13,169,45,Female,15,Night,Medium,Low,Yellow,Moving,Purse,Partially Visible,Neutral,8,29,1.87
21,158,93,Male,52,Night,Low,Medium,Green,Mixed,No Object,Visible,Sad,5,50,2.35
21,149,63,Female,58,Evening,Low,Medium,Yellow,Bending,Purse,Not Visible,Neutral,10,5,1.49
12,172,82,Male,13,Evening,High,High,Blue,Upright,Purse,Visible,Happy,1,13,1.61
22,169,92,Female,14,Morning,Low,Low,Yellow,Upright,No Object,Partially Visible,Neutral,9,25,2.07
10,179,69,Male,38,Evening,Medium,Medium,Purple,Moving,No Object,Visible,Neutral,11,58,2.21
9,172,88,Female,14,Morning,High,Low,Blue,Bending,No Object,Not Visible,Neutral,1,44,2.02
18,150,68,Female,46,Evening,Medium,Low,Blue,Upright,No Object,Visible,Happy,8,33,2.15
17,150,51,Female,57,Morning,Medium,High,Purple,Moving,Bag,Partially Visible,Happy,10,57,2.09
7,180,46,Male,25,Morning,Low,Low,Green,Mixed,Laptop,Partially Visible,Sad,8,55,2.43
21,152,51,Male,26,Night,Medium,Low,Brown,Moving,No Object,Partially Visible,Neutral,11,10,1.58
8,187,92,Male,53,Night,High,Low,Blue,Bending,Purse,Partially Visible,Sad,4,34,1.8
21,149,68,Female,29,Evening,Medium,Medium,Green,Mixed,No Object,Partially Visible,Neutral,8,57,2.28
5,177,60,Male,23,Evening,Low,Medium,Brown,Moving,No Object,Not Visible,Sad,10,15,1.48
20,188,67,Female,16,Morning,Low,Low,Purple,Upright,No Object,Visible,Happy,1,13,2.36
20,164,57,Male,52,Evening,Low,Medium,Black,Mixed,No Object,Not Visible,Sad,7,24,1.76
20,147,88,Male,56,Evening,High,High,Red,Bending,No Object,Visible,Sad,11,58,1.64
18,184,94,Female,15,Evening,High,Low,Green,Mixed,No Object,Visible,Neutral,6,17,1.78
14,153,49,Male,50,Afternoon,Medium,High,Brown,Moving,No Object,Visible,Neutral,9,39,1.78
19,168,80,Male,19,Afternoon,Medium,Low,Purple,Bending,No Object,Visible,Sad,9,19,1.6
10,189,61,Female,18,Night,Low,Medium,Yellow,Upright,Purse,Visible,Neutral,3,45,2.48
20,178,47,Female,30,Afternoon,Medium,Low,Yellow,Upright,No Object,Not Visible,Neutral,5,53,2.31
16,147,91,Female,32,Night,Low,Low,Blue,Upright,No Object,Partially Visible,Neutral,6,7,1.91
14,181,48,Female,52,Night,Very High,Low,Black,Bending,No Object,Not Visible,Sad,5,25,1.24
15,152,55,Female,45,Night,Low,Low,Brown,Moving,Bag,Visible,Neutral,7,36,2.34
16,178,46,Female,18,Evening,Medium,High,Black,Upright,No Object,Partially Visible,Neutral,8,15,1.48
5,172,68,Male,40,Morning,Low,Medium,Purple,Upright,Purse,Visible,Neutral,5,39,2.35
7,157,74,Male,54,Morning,High,High,Purple,Bending,No Object,Visible,Happy,8,25,1.47
9,164,61,Male,43,Evening,Low,Medium,Blue,Upright,No Object,Visible,Sad,8,6,1.74
7,150,48,Female,23,Afternoon,Very High,Medium,Purple,Upright,Purse,Partially Visible,Sad,11,38,1.15
13,189,50,Female,18,Morning,Low,Low,Yellow,Upright,Purse,Partially Visible,Neutral,9,7,1.87
18,155,91,Male,33,Night,High,Medium,Brown,Bending,Bag,Visible,Neutral,7,16,1.37
18,158,85,Female,34,Night,High,Low,Green,Bending,No Object,Visible,Happy,2,14,1.89
14,167,91,Male,28,Afternoon,Low,High,Yellow,Moving,No Object,Visible,Happy,4,7,1.77
22,175,71,Female,17,Evening,Low,High,Brown,Upright,Purse,Visible,Sad,4,27,1.91
16,167,72,Female,17,Afternoon,Medium,Low,Purple,Upright,No Object,Partially Visible,Neutral,4,52,2.51
6,167,84,Female,37,Afternoon,High,Medium,Brown,Moving,Purse,Partially Visible,Neutral,11,21,1.31
20,171,75,Female,57,Evening,Very High,Medium,Purple,Mixed,Laptop,Not Visible,Happy,6,18,1.09
16,183,66,Female,40,Afternoon,Low,Medium,Green,Upright,No Object,Not Visible,Happy,11,49,2.27
17,162,59,Male,33,Night,Medium,Low,Red,Moving,Purse,Visible,Neutral,2,56,2.63
16,182,69,Male,56,Morning,Low,Medium,Black,Moving,No Object,Not Visible,Happy,8,21,1.98
16,180,48,Female,45,Evening,Low,High,Purple,Mixed,No Object,Partially Visible,Neutral,7,7,1.61
6,188,54,Male,46,Night,High,Low,Brown,Upright,Bag,Visible,Sad,9,46,1.96
16,186,81,Male,39,Night,Medium,Medium,Brown,Upright,No Object,Not Visible,Neutral,5,40,1.93
20,180,88,Male,48,Morning,Low,Low,Brown,Upright,No Object,Visible,Sad,6,59,2.63
11,156,50,Female,36,Morning,Very High,High,Brown,Moving,Purse,Partially Visible,Happy,4,41,1.45
17,179,49,Female,41,Evening,High,Low,Red,Moving,No Object,Partially Visible,Neutral,8,56,2.07
5,178,49,Female,41,Night,High,Low,Green,Upright,No Object,Not Visible,Sad,3,13,1.43
11,158,84,Female,48,Night,Low,Low,Red,Upright,No Object,Partially Visible,Sad,8,14,1.78
13,175,60,Female,55,Night,Very High,High,Green,Upright,No Object,Not Visible,Neutral,6,41,1.2
24,156,61,Female,26,Morning,Medium,Medium,Yellow,Bending,No Object,Visible,Neutral,9,46,2.1
9,168,45,Female,45,Evening,Medium,Low,Yellow,Mixed,Purse,Not Visible,Happy,1,26,2.12
10,180,93,Male,13,Evening,Low,Low,Blue,Upright,No Object,Partially Visible,Neutral,3,28,2.35
13,153,66,Female,37,Evening,Very High,High,Brown,Bending,Bag,Partially Visible,Happy,7,25,1.13
24,160,84,Male,55,Night,Medium,Medium,Blue,Bending,No Object,Not Visible,Happy,5,7,1.58
22,180,80,Female,42,Morning,High,Low,Blue,Moving,No Object,Visible,Neutral,4,53,2.22
5,165,52,Female,24,Afternoon,High,High,Purple,Moving,Bag,Visible,Happy,11,54,1.72
9,188,85,Female,41,Afternoon,High,Low,Brown,Upright,Laptop,Not Visible,Happy,10,57,2.14
21,145,72,Female,29,Night,High,Medium,Blue,Bending,No Object,Not Visible,Happy,2,32,1.75
6,177,75,Female,32,Morning,Very High,Low,Red,Moving,No Object,Partially Visible,Neutral,6,14,1.27
22,181,55,Female,22,Afternoon,Low,Medium,Red,Mixed,Laptop,Visible,Sad,8,27,1.91
10,186,87,Male,41,Morning,Low,High,Black,Bending,No Object,Visible,Sad,9,42,1.99
23,152,91,Male,21,Morning,High,Low,Red,Upright,No Object,Partially Visible,Happy,3,14,1.76
10,189,65,Female,33,Night,Medium,Medium,Brown,Bending,Purse,Visible,Happy,10,13,1.69
13,162,49,Female,57,Night,Medium,High,Black,Bending,Laptop,Not Visible,Sad,8,59,1.81
18,160,87,Male,48,Afternoon,High,High,Brown,Upright,Purse,Partially Visible,Happy,10,6,1.05
7,160,89,Female,31,Evening,Medium,Medium,Blue,Mixed,No Object,Visible,Neutral,8,37,1.99
16,173,70,Female,58,Evening,High,Medium,Blue,Upright,Bag,Visible,Happy,10,13,1.49
15,174,73,Female,12,Night,Medium,High,Red,Mixed,No Object,Not Visible,Neutral,1,6,1.39
20,166,56,Male,58,Afternoon,Very High,Low,Red,Upright,Purse,Partially Visible,Happy,3,39,1.81
24,148,48,Female,28,Night,Low,Low,Red,Upright,No Object,Visible,Neutral,6,15,2.14
18,189,92,Male,51,Afternoon,High,Low,Blue,Bending,Purse,Partially Visible,Neutral,4,44,2.03
13,154,69,Male,57,Evening,Very High,High,Yellow,Bending,Purse,Visible,Happy,3,50,1.65
13,149,58,Female,40,Afternoon,Medium,Low,Brown,Moving,No Object,Visible,Neutral,8,32,1.98
13,171,79,Female,41,Evening,Medium,Low,Blue,Bending,Purse,Partially Visible,Neutral,11,14,1.63
21,163,46,Male,47,Afternoon,Medium,Medium,Purple,Upright,Laptop,Visible,Sad,6,57,2.21
11,172,48,Male,23,Night,Medium,Low,Yellow,Mixed,No Object,Visible,Neutral,7,25,1.98
8,184,57,Male,20,Evening,Medium,Low,Yellow,Bending,No Object,Visible,Happy,7,47,2.49
11,149,67,Female,28,Afternoon,Low,Medium,Purple,Upright,No Object,Visible,Neutral,5,15,1.93
5,157,63,Female,34,Night,Very High,Low,Yellow,Moving,Purse,Partially Visible,Happy,8,13,1.26
7,168,54,Male,47,Evening,Low,High,Purple,Upright,Purse,Partially Visible,Sad,9,42,1.84
6,180,62,Male,24,Afternoon,Medium,Low,Green,Upright,No Object,Visible,Sad,2,16,1.86
20,172,61,Female,39,Morning,Medium,High,Yellow,Bending,No Object,Visible,Happy,4,34,1.98
19,162,71,Male,12,Night,Low,Medium,Red,Bending,Purse,Partially Visible,Neutral,2,37,2.28
18,172,73,Male,13,Night,Low,Low,Green,Bending,No Object,Not Visible,Neutral,9,11,1.71
14,189,89,Male,58,Evening,Very High,Low,Purple,Mixed,No Object,Visible,Happy,8,23,1.43
19,166,85,Female,52,Night,High,Medium,Red,Upright,No Object,Visible,Neutral,8,15,1.39
8,184,59,Male,53,Evening,Low,Low,Black,Mixed,Purse,Not Visible,Neutral,7,5,1.73
23,180,90,Male,27,Morning,High,Low,Green,Upright,Bag,Visible,Neutral,6,57,2.15
15,158,71,Male,36,Morning,Medium,High,Red,Upright,Purse,Not Visible,Neutral,9,6,1.16
23,156,54,Male,44,Morning,Low,Medium,Blue,Upright,No Object,Not Visible,Neutral,2,50,2.51
8,179,62,Male,24,Morning,High,High,Black,Upright,Laptop,Visible,Neutral,8,27,1.38
14,154,82,Male,47,Evening,Medium,Low,Brown,Upright,No Object,Visible,Neutral,10,20,1.84
18,160,86,Male,45,Night,Low,Low,Brown,Moving,Bag,Not Visible,Neutral,3,33,2.34
14,155,63,Male,31,Morning,Very High,Medium,Red,Moving,No Object,Visible,Neutral,8,55,1.62
13,172,52,Male,32,Evening,Medium,Low,Green,Moving,Bag,Partially Visible,Neutral,1,40,2.36
8,158,54,Female,26,Morning,Medium,Low,Red,Upright,Laptop,Visible,Happy,2,9,2.09
12,174,50,Male,50,Afternoon,Medium,Low,Red,Moving,Laptop,Partially Visible,Neutral,5,46,2.38
9,187,79,Female,59,Night,High,Low,Green,Upright,No Object,Not Visible,Neutral,11,46,1.76
11,182,70,Female,59,Night,High,High,Brown,Moving,Laptop,Partially Visible,Neutral,5,58,1.8
18,187,67,Female,49,Night,Very High,Low,Green,Moving,Purse,Visible,Happy,5,16,1.61
17,146,78,Female,28,Afternoon,Low,High,Red,Upright,No Object,Partially Visible,Neutral,9,51,2.16
17,165,86,Female,49,Night,High,Low,Blue,Bending,No Object,Partially Visible,Happy,9,25,1.77
12,154,84,Male,23,Night,Medium,Low,Black,Mixed,Purse,Visible,Neutral,8,24,1.92
24,186,51,Male,55,Afternoon,Medium,Low,Green,Upright,Bag,Partially Visible,Neutral,1,39,2.32
6,177,74,Male,24,Afternoon,Low,Medium,Yellow,Moving,Purse,Partially Visible,Neutral,10,34,1.98
11,159,89,Female,31,Morning,High,High,Brown,Mixed,No Object,Visible,Sad,3,17,1.26
7,170,83,Female,16,Night,Low,High,Purple,Upright,Purse,Not Visible,Sad,6,16,1.48
11,172,61,Female,15,Morning,High,Low,Blue,Upright,No Object,Visible,Sad,9,40,1.91
24,167,64,Female,30,Afternoon,Medium,Medium,Green,Upright,No Object,Visible,Sad,4,58,2.31
12,166,89,Male,38,Afternoon,Low,High,Red,Moving,Purse,Visible,Happy,8,17,1.75
23,147,46,Male,12,Morning,Very High,Low,Red,Upright,Purse,Visible,Happy,6,34,1.78
14,165,71,Male,52,Night,High,Medium,Purple,Upright,Purse,Visible,Happy,2,21,1.79
18,160,50,Male,17,Evening,Medium,Low,Black,Upright,Purse,Visible,Happy,3,18,2.11
14,181,89,Female,59,Morning,High,Medium,Brown,Mixed,No Object,Partially Visible,Sad,9,48,1.59
10,183,46,Male,25,Morning,Medium,Medium,Blue,Moving,Purse,Partially Visible,Sad,1,44,2.11
20,178,46,Female,30,Morning,High,Low,Red,Bending,No Object,Visible,Neutral,5,31,1.85
24,146,61,Female,19,Night,Low,High,Purple,Mixed,Bag,Partially Visible,Sad,6,31,1.83
10,182,55,Male,51,Afternoon,Medium,Medium,Brown,Bending,Bag,Partially Visible,Neutral,5,28,1.79
20,162,69,Female,47,Evening,Medium,High,Brown,Mixed,Laptop,Partially Visible,Neutral,5,59,2.1
10,163,59,Male,15,Morning,Medium,Medium,Black,Upright,Laptop,Not Visible,Happy,11,57,2.18
19,187,62,Female,17,Morning,Medium,Low,Green,Upright,Purse,Visible,Sad,1,9,1.84
20,184,73,Female,41,Evening,Low,Medium,Green,Moving,No Object,Visible,Neutral,11,49,2.31
13,147,73,Male,53,Morning,Very High,Low,Yellow,Upright,Laptop,Visible,Neutral,8,23,1.43
19,161,91,Female,17,Evening,Low,High,Blue,Upright,No Object,Visible,Happy,11,40,2.11
10,178,69,Male,22,Night,Low,Low,Green,Moving,Laptop,Visible,Neutral,8,56,2.64
6,169,73,Female,38,Afternoon,Medium,High,Green,Bending,No Object,Visible,Sad,11,28,1.36
6,156,78,Male,17,Evening,High,Medium,Black,Upright,Laptop,Partially Visible,Neutral,1,30,1.77
13,168,53,Male,26,Night,Low,Medium,Purple,Upright,Purse,Not Visible,Sad,8,39,2.04
23,183,78,Male,12,Night,Medium,Medium,Purple,Upright,Laptop,Partially Visible,Neutral,8,22,1.69
7,155,88,Male,35,Morning,High,Medium,Black,Upright,No Object,Partially Visible,Sad,11,19,1.17
14,178,60,Male,46,Morning,Low,Medium,Blue,Upright,Purse,Partially Visible,Neutral,1,38,2.3
19,178,53,Female,31,Night,Very High,Medium,Purple,Bending,Bag,Partially Visible,Neutral,6,16,1.17
9,184,62,Female,24,Night,Medium,Low,Green,Moving,No Object,Visible,Sad,6,41,2.17
19,158,58,Female,32,Afternoon,High,Medium,Green,Upright,No Object,Visible,Sad,2,18,1.53
11,154,74,Male,36,Evening,Low,Low,Purple,Upright,No Object,Visible,Happy,7,10,2.19
21,169,88,Male,19,Evening,High,Medium,Blue,Bending,Purse,Visible,Sad,6,10,1.33
16,168,74,Female,17,Evening,High,Medium,Black,Upright,Purse,Partially Visible,Neutral,6,19,1.37
15,163,51,Male,20,Night,Low,Low,Purple,Upright,Purse,Visible,Happy,8,10,2.05
8,180,60,Male,59,Afternoon,Low,Medium,Green,Upright,No Object,Visible,Neutral,9,21,1.95
14,180,79,Male,46,Night,Medium,Medium,Brown,Bending,No Object,Visible,Neutral,8,27,1.77
22,156,61,Male,18,Morning,Low,Medium,Red,Upright,Laptop,Partially Visible,Neutral,5,18,1.89
5,180,74,Male,26,Morning,Very High,Medium,Purple,Upright,Purse,Visible,Neutral,11,34,1.39
20,155,79,Female,31,Night,Medium,Medium,Green,Bending,No Object,Visible,Happy,3,26,2.02
14,163,61,Male,20,Morning,High,Medium,Brown,Moving,No Object,Visible,Happy,4,9,1.53
19,146,77,Female,52,Night,Very High,Low,Black,Moving,No Object,Visible,Neutral,6,23,1.41
18,160,64,Male,57,Afternoon,High,Low,Black,Mixed,Laptop,Partially Visible,Happy,4,5,1.58
13,188,51,Male,23,Afternoon,High,Medium,Green,Bending,Purse,Visible,Neutral,4,45,2.01
11,164,63,Female,12,Morning,Medium,Low,Red,Upright,Purse,Visible,Neutral,11,29,2.0
17,176,67,Female,24,Night,Medium,Low,Blue,Upright,Purse,Not Visible,Happy,2,37,2.34
7,149,45,Male,39,Afternoon,Medium,Low,Green,Upright,Laptop,Visible,Happy,6,12,1.95
16,173,89,Male,50,Morning,Medium,Low,Green,Upright,No Object,Partially Visible,Neutral,6,28,2.05
6,161,71,Female,28,Afternoon,Medium,High,Blue,Upright,No Object,Partially Visible,Sad,1,49,2.0
17,178,46,Male,25,Morning,Low,Low,Brown,Upright,No Object,Visible,Sad,3,16,2.09
17,186,88,Female,23,Night,Medium,Low,Yellow,Moving,Bag,Visible,Neutral,3,59,2.64
6,168,87,Male,12,Morning,Medium,High,Purple,Bending,Purse,Visible,Happy,6,28,1.87
20,149,45,Female,12,Afternoon,Medium,High,Purple,Upright,Purse,Visible,Neutral,5,12,1.43
13,166,53,Male,32,Afternoon,Low,Low,Brown,Bending,Laptop,Visible,Neutral,7,14,2.03
20,150,63,Female,41,Morning,Medium,High,Green,Upright,No Object,Partially Visible,Neutral,5,30,1.68
5,165,70,Female,12,Morning,Medium,Low,Brown,Bending,No Object,Visible,Neutral,9,57,2.35
8,147,81,Male,21,Evening,High,High,Red,Bending,Purse,Visible,Neutral,5,30,1.46
14,173,66,Male,55,Afternoon,High,Low,Yellow,Upright,Bag,Partially Visible,Neutral,10,14,1.39
8,158,75,Female,59,Morning,Low,Medium,Black,Upright,No Object,Visible,Sad,11,26,1.89
11,154,45,Female,42,Morning,Low,Low,Blue,Mixed,No Object,Partially Visible,Neutral,8,52,2.59
18,145,77,Male,37,Night,Medium,Medium,Green,Bending,Bag,Visible,Neutral,2,59,2.49
7,184,90,Female,39,Evening,Low,Low,Green,Bending,Purse,Partially Visible,Sad,10,38,2.16
18,182,71,Female,29,Evening,Medium,Medium,Green,Upright,Purse,Not Visible,Neutral,9,52,2.1
7,181,67,Male,21,Night,Very High,Medium,Red,Upright,No Object,Partially Visible,Happy,7,49,1.69
8,147,59,Female,30,Morning,Low,Low,Red,Upright,No Object,Not Visible,Happy,4,28,2.35
16,160,92,Male,45,Evening,Medium,High,Green,Mixed,No Object,Visible,Neutral,8,53,2.0
20,188,46,Female,43,Night,High,Low,Green,Upright,No Object,Visible,Neutral,7,9,1.44
8,171,59,Male,44,Morning,Medium,Low,Purple,Upright,Laptop,Visible,Neutral,9,49,2.35
10,150,51,Female,41,Evening,Low,Low,Blue,Mixed,Purse,Visible,Happy,8,36,2.48
23,151,88,Female,14,Night,Low,Low,Green,Upright,Laptop,Not Visible,Happy,10,37,2.33
24,156,69,Female,42,Evening,Very High,Low,Purple,Upright,No Object,Visible,Neutral,11,56,1.83
16,188,91,Female,54,Morning,Low,Medium,Purple,Bending,No Object,Visible,Neutral,9,19,1.98
13,152,78,Female,43,Evening,High,Medium,Red,Upright,Purse,Not Visible,Neutral,4,15,1.3
11,185,72,Female,39,Night,High,Medium,Red,Mixed,No Object,Visible,Neutral,10,41,1.77
17,175,70,Female,22,Morning,Medium,Medium,Red,Upright,No Object,Partially Visible,Neutral,10,45,1.99
16,186,55,Male,50,Evening,High,High,Black,Moving,No Object,Visible,Neutral,6,5,1.03
10,182,73,Male,33,Evening,Low,Low,Brown,Upright,No Object,Not Visible,Neutral,1,32,2.34
5,159,79,Male,24,Afternoon,Medium,Medium,Green,Moving,No Object,Visible,Neutral,11,25,1.75
8,182,93,Female,35,Morning,Medium,High,Red,Moving,No Object,Partially Visible,Happy,6,50,2.16
24,152,72,Female,17,Morning,Very High,Low,Blue,Moving,Laptop,Partially Visible,Neutral,5,52,1.92
13,158,91,Male,56,Night,Low,Medium,Brown,Moving,No Object,Not Visible,Happy,7,12,1.81
14,154,92,Male,45,Night,Low,High,Green,Moving,Purse,Not Visible,Neutral,1,36,2.02
14,150,71,Female,27,Afternoon,Very High,Medium,Red,Upright,Purse,Partially Visible,Neutral,10,44,1.46
20,149,66,Female,50,Night,Low,High,Brown,Upright,Purse,Visible,Neutral,3,19,1.89
6,153,52,Female,14,Night,Very High,Low,Brown,Upright,Purse,Visible,Sad,3,56,1.94
6,150,58,Male,30,Evening,High,Medium,Black,Upright,No Object,Not Visible,Neutral,7,54,1.83
10,162,88,Male,43,Evening,Medium,Low,Purple,Upright,No Object,Partially Visible,Happy,8,14,1.88
14,148,51,Male,13,Night,High,Low,Yellow,Moving,Purse,Not Visible,Sad,1,5,1.44
18,147,64,Female,46,Evening,High,High,Red,Moving,Bag,Partially Visible,Neutral,7,36,1.52
14,189,79,Female,51,Night,Low,Low,Purple,Mixed,No Object,Visible,Neutral,2,53,2.82
13,148,57,Female,40,Night,Very High,High,Red,Upright,No Object,Visible,Happy,11,42,1.35
23,148,93,Male,21,Morning,Very High,Medium,Black,Moving,Bag,Visible,Neutral,5,46,1.72
8,146,77,Male,47,Evening,Very High,High,Purple,Moving,Purse,Partially Visible,Neutral,6,44,1.45
16,150,46,Female,28,Evening,High,High,Purple,Mixed,Purse,Visible,Sad,7,13,1.14
15,168,57,Female,47,Night,Medium,Medium,Red,Moving,Purse,Visible,Neutral,2,8,1.72
14,182,82,Male,42,Afternoon,Medium,High,Red,Upright,Laptop,Partially Visible,Neutral,2,8,1.43
21,178,88,Female,16,Night,Low,High,Blue,Upright,Purse,Visible,Neutral,11,59,2.29
10,171,91,Female,16,Afternoon,Medium,Medium,Blue,Mixed,Purse,Visible,Sad,7,57,2.23
24,148,87,Male,12,Afternoon,High,Medium,Blue,Moving,Purse,Visible,Happy,3,50,2.19
11,179,48,Female,15,Morning,High,Low,Green,Moving,No Object,Partially Visible,Neutral,8,8,1.37
15,146,81,Female,26,Afternoon,Medium,Low,Green,Moving,Bag,Visible,Happy,10,53,2.41
15,173,50,Female,13,Night,Medium,Low,Brown,Moving,Bag,Partially Visible,Neutral,9,58,2.48
21,163,48,Male,57,Evening,High,Medium,Yellow,Moving,Purse,Not Visible,Neutral,5,48,1.77
13,184,79,Female,55,Evening,Medium,Low,Black,Mixed,No Object,Partially Visible,Neutral,8,28,1.88
10,158,68,Male,20,Night,Very High,Medium,Green,Mixed,Purse,Not Visible,Sad,10,10,0.73
5,173,77,Female,26,Afternoon,High,Medium,Black,Upright,No Object,Visible,Neutral,3,24,1.66
12,164,87,Male,47,Evening,Low,Medium,Brown,Upright,Purse,Visible,Happy,9,16,2.04
21,168,48,Female,43,Afternoon,Low,High,Purple,Upright,No Object,Visible,Happy,11,40,2.16
5,187,71,Female,39,Night,High,High,Purple,Upright,Laptop,Partially Visible,Happy,4,53,1.87
22,177,86,Male,59,Afternoon,Medium,High,Blue,Moving,Bag,Visible,Neutral,10,32,1.61
15,163,67,Male,42,Night,High,Medium,Purple,Moving,No Object,Not Visible,Neutral,1,7,1.27
7,165,71,Male,44,Evening,Low,Low,Yellow,Upright,Purse,Partially Visible,Neutral,5,26,2.28
11,176,69,Female,36,Night,Low,High,Red,Upright,Laptop,Not Visible,Happy,4,48,2.3
16,160,90,Female,37,Night,Medium,Low,Black,Bending,No Object,Visible,Happy,1,40,2.5
11,152,47,Female,25,Night,High,Low,Blue,Moving,No Object,Partially Visible,Happy,7,7,1.53
7,166,88,Male,37,Afternoon,Very High,Low,Black,Bending,No Object,Visible,Neutral,6,24,1.45
18,148,85,Male,56,Evening,Very High,Medium,Red,Upright,Laptop,Partially Visible,Neutral,5,24,1.24
18,152,85,Male,30,Afternoon,Medium,Medium,Green,Upright,No Object,Partially Visible,Happy,10,6,1.41
7,163,65,Female,18,Morning,High,Low,Brown,Bending,No Object,Visible,Neutral,3,24,1.86
10,180,70,Female,40,Evening,Low,High,Green,Bending,No Object,Not Visible,Happy,10,50,2.14
9,180,63,Male,49,Afternoon,Medium,Low,Red,Moving,No Object,Partially Visible,Neutral,7,12,1.67
18,156,57,Male,58,Afternoon,Very High,Low,Green,Mixed,No Object,Partially Visible,Sad,10,33,1.35
19,163,88,Female,38,Morning,Medium,Low,Black,Upright,Purse,Visible,Neutral,1,41,2.47
19,151,70,Female,49,Evening,Very High,Low,Yellow,Upright,No Object,Visible,Happy,11,42,1.7
23,178,81,Male,24,Evening,Low,High,Red,Upright,Purse,Visible,Happy,1,23,2.14
20,156,50,Female,32,Morning,Low,Low,Black,Upright,Purse,Partially Visible,Happy,8,36,2.45
11,180,84,Male,32,Evening,Medium,Low,Blue,Upright,Laptop,Visible,Sad,9,44,2.1
7,182,77,Male,27,Morning,Very High,Low,Blue,Upright,No Object,Not Visible,Neutral,2,38,1.61
17,176,94,Male,46,Morning,Medium,High,Red,Upright,Purse,Not Visible,Neutral,1,51,2.02
23,159,51,Female,54,Afternoon,High,High,Yellow,Moving,Purse,Visible,Neutral,1,17,1.42
24,187,72,Female,27,Afternoon,Low,Medium,Purple,Upright,Purse,Partially Visible,Happy,2,10,2.02
9,175,70,Male,18,Night,High,Medium,Brown,Moving,No Object,Visible,Neutral,2,56,2.17
9,174,71,Female,51,Morning,Medium,High,Green,Upright,No Object,Visible,Neutral,11,45,1.89
5,183,47,Female,52,Afternoon,Low,Low,Purple,Upright,Purse,Visible,Sad,3,29,2.29
7,184,68,Female,56,Evening,High,Low,Black,Upright,No Object,Not Visible,Neutral,9,36,1.6
16,148,59,Female,24,Morning,High,Medium,Black,Upright,Bag,Not Visible,Happy,1,55,2.16
15,184,75,Male,46,Night,Medium,Low,Brown,Upright,Laptop,Visible,Neutral,8,52,2.46
12,179,56,Male,46,Evening,Low,Medium,Brown,Moving,Purse,Visible,Happy,5,49,2.6
11,154,66,Male,49,Night,Low,Medium,Black,Mixed,Bag,Visible,Happy,6,37,2.37
21,158,76,Male,50,Night,Very High,Low,Black,Upright,Purse,Partially Visible,Happy,9,44,1.74
14,178,48,Male,57,Morning,High,Medium,Green,Upright,No Object,Visible,Happy,3,36,2.0
21,154,84,Male,34,Afternoon,High,Low,Brown,Upright,No Object,Not Visible,Happy,1,30,1.94
24,165,80,Female,15,Evening,High,Low,Brown,Moving,Laptop,Not Visible,Sad,3,42,1.76
11,176,47,Male,21,Morning,High,High,Black,Upright,No Object,Visible,Neutral,9,6,1.01
9,174,48,Male,54,Afternoon,Low,Medium,Brown,Upright,Bag,Not Visible,Neutral,7,50,2.28
24,185,87,Male,52,Evening,Medium,Low,Red,Moving,No Object,Partially Visible,Happy,11,22,1.9
17,150,59,Male,12,Night,High,Low,Green,Moving,No Object,Partially Visible,Happy,10,34,1.8
10,158,88,Female,29,Afternoon,Low,Low,Purple,Bending,Purse,Not Visible,Happy,2,41,2.58
17,189,69,Female,23,Night,Low,Low,Yellow,Upright,Laptop,Visible,Happy,1,23,2.52
15,170,62,Male,27,Evening,High,Low,Yellow,Upright,Laptop,Partially Visible,Neutral,1,23,1.78
23,156,58,Female,42,Morning,Very High,Low,Purple,Upright,No Object,Visible,Happy,3,14,1.57
10,158,77,Female,36,Afternoon,High,High,Brown,Bending,No Object,Partially Visible,Happy,6,10,1.25
24,160,50,Female,35,Night,Low,High,Brown,Moving,Purse,Visible,Neutral,1,53,2.43
23,169,65,Male,32,Morning,Very High,High,Black,Upright,Bag,Visible,Sad,10,33,1.06
8,157,62,Female,42,Morning,Low,Medium,Yellow,Moving,No Object,Visible,Happy,6,42,2.42
8,172,52,Female,44,Afternoon,Low,Medium,Brown,Upright,Purse,Visible,Neutral,9,13,1.77
15,165,62,Female,14,Night,Very High,Medium,Black,Moving,No Object,Visible,Neutral,10,51,1.58
5,172,71,Male,18,Evening,High,High,Red,Upright,Purse,Visible,Neutral,1,21,1.57
10,151,78,Female,28,Morning,Very High,Medium,Yellow,Upright,No Object,Not Visible,Neutral,5,30,1.2
13,173,49,Male,32,Afternoon,High,Medium,Green,Upright,Bag,Partially Visible,Neutral,8,32,1.54
24,186,88,Male,59,Night,High,High,Green,Moving,No Object,Visible,Sad,11,45,1.44
24,151,88,Female,54,Morning,Medium,Medium,Red,Upright,Purse,Not Visible,Happy,9,11,1.56
8,159,79,Female,43,Evening,Medium,Low,Blue,Upright,Purse,Not Visible,Neutral,3,54,2.49
22,176,91,Male,13,Afternoon,Very High,Low,Red,Moving,No Object,Visible,Neutral,3,11,1.38
6,172,66,Female,16,Night,Very High,Medium,Red,Moving,No Object,Partially Visible,Sad,9,40,1.31
19,175,86,Female,33,Night,Medium,Low,Red,Bending,Purse,Visible,Neutral,8,16,1.83
21,170,81,Female,40,Night,Medium,Low,Green,Bending,Purse,Partially Visible,Sad,3,55,2.36
22,175,73,Male,43,Morning,Medium,Low,Yellow,Bending,Purse,Partially Visible,Neutral,6,37,2.14
9,172,53,Male,18,Afternoon,Medium,Low,Purple,Bending,Purse,Visible,Neutral,11,56,2.26
22,148,72,Female,54,Evening,Very High,High,Blue,Upright,No Object,Partially Visible,Sad,3,56,1.52
7,178,90,Female,35,Afternoon,Low,Low,Green,Upright,Bag,Visible,Neutral,4,19,2.27
15,165,94,Female,40,Evening,Medium,Low,Yellow,Upright,No Object,Partially Visible,Neutral,10,18,1.68
14,147,67,Female,13,Evening,Very High,Medium,Brown,Upright,Purse,Visible,Neutral,8,11,1.1
11,163,57,Female,51,Afternoon,Medium,Low,Purple,Upright,Bag,Not Visible,Happy,3,44,2.27
5,164,82,Female,38,Morning,Medium,Medium,Green,Upright,Bag,Partially Visible,Sad,4,6,1.42
20,148,48,Male,22,Night,Medium,Medium,Blue,Upright,No Object,Visible,Sad,10,15,1.52
11,189,52,Female,27,Night,Low,Low,Blue,Moving,No Object,Partially Visible,Neutral,4,54,2.68
18,155,73,Male,28,Night,Low,Medium,Brown,Moving,Purse,Visible,Happy,8,39,2.32
13,159,94,Female,13,Afternoon,Low,Low,Red,Bending,No Object,Partially Visible,Happy,6,29,2.3
12,164,61,Male,57,Afternoon,Low,Medium,Black,Mixed,Purse,Partially Visible,Happy,3,12,2.05
22,182,67,Female,50,Afternoon,Low,High,Green,Upright,Purse,Visible,Happy,5,51,2.5
6,178,61,Male,54,Morning,Medium,High,Purple,Upright,No Object,Visible,Neutral,8,51,1.99
19,179,67,Male,28,Morning,Low,Low,Purple,Upright,No Object,Visible,Sad,9,7,1.77
19,155,45,Male,38,Afternoon,Very High,Medium,Black,Bending,Purse,Partially Visible,Neutral,1,45,1.62
12,183,74,Male,33,Night,Low,High,Brown,Upright,Purse,Partially Visible,Neutral,10,23,1.69
10,182,74,Female,34,Morning,Medium,High,Green,Moving,No Object,Visible,Sad,3,42,1.86
5,165,60,Male,40,Evening,Very High,Low,Yellow,Upright,No Object,Visible,Sad,8,21,1.25
23,169,58,Female,33,Evening,Low,Medium,Green,Upright,No Object,Not Visible,Neutral,4,5,1.78
23,146,83,Female,49,Afternoon,Medium,Low,Yellow,Bending,Purse,Visible,Neutral,3,46,2.34
9,179,54,Female,14,Night,High,Low,Purple,Upright,Purse,Visible,Neutral,10,51,1.96
5,188,47,Male,21,Morning,Medium,Medium,Blue,Moving,Laptop,Partially Visible,Neutral,8,42,1.97
7,166,47,Male,54,Night,Low,Medium,Blue,Bending,Bag,Visible,Happy,11,13,1.87
6,169,89,Male,54,Evening,High,Low,Green,Moving,Purse,Not Visible,Neutral,1,29,1.8
21,167,63,Male,51,Afternoon,High,High,Yellow,Bending,Laptop,Visible,Neutral,3,34,1.65
22,148,50,Male,29,Night,Medium,Medium,Brown,Upright,No Object,Not Visible,Neutral,1,48,2.19
8,172,88,Female,33,Afternoon,Low,High,Blue,Upright,Purse,Visible,Sad,6,47,2.08
19,177,52,Male,13,Night,Low,High,Green,Moving,Purse,Visible,Sad,6,53,2.19
8,186,61,Male,25,Morning,High,High,Brown,Upright,Purse,Visible,Neutral,11,39,1.48
12,186,46,Male,46,Morning,Medium,High,Purple,Upright,Purse,Not Visible,Happy,3,56,2.19
16,167,78,Male,28,Evening,Low,Low,Black,Upright,No Object,Partially Visible,Happy,8,50,2.65
19,188,79,Male,35,Night,Medium,Low,Red,Bending,Laptop,Visible,Neutral,11,16,1.71
22,168,82,Male,17,Morning,Very High,High,Red,Upright,Laptop,Not Visible,Sad,1,43,1.32
5,173,58,Female,35,Night,Low,Low,Red,Mixed,Bag,Visible,Neutral,5,9,2.11
8,172,61,Female,46,Night,Low,Low,Red,Upright,No Object,Visible,Happy,5,46,2.74
10,189,91,Female,39,Afternoon,Medium,Medium,Green,Upright,Bag,Visible,Happy,1,17,1.99
11,178,86,Female,38,Night,High,Low,Blue,Upright,Purse,Not Visible,Happy,5,21,1.69
24,150,46,Female,55,Night,Medium,Low,Green,Upright,Purse,Visible,Neutral,3,36,2.25
20,148,79,Male,23,Morning,Very High,Medium,Yellow,Upright,No Object,Visible,Neutral,4,25,1.36
11,163,85,Male,26,Night,Low,Low,Black,Moving,Laptop,Not Visible,Happy,3,40,2.54
24,168,72,Male,41,Evening,Medium,Medium,Yellow,Upright,Purse,Partially Visible,Neutral,6,32,1.89
14,175,76,Male,35,Morning,Medium,Low,Black,Upright,Purse,Visible,Sad,5,39,2.1
15,166,45,Male,59,Evening,Medium,Medium,Blue,Upright,Bag,Partially Visible,Neutral,9,37,1.85
13,168,46,Male,14,Evening,Medium,Low,Purple,Upright,No Object,Visible,Happy,4,16,2.06
7,186,46,Male,17,Night,High,Medium,Black,Mixed,Purse,Visible,Neutral,8,43,1.89
23,160,52,Female,28,Night,Medium,Low,Yellow,Upright,No Object,Visible,Sad,6,57,2.42
5,167,94,Female,34,Afternoon,High,Low,Red,Moving,No Object,Partially Visible,Happy,4,35,2.06
8,170,76,Female,54,Afternoon,Low,High,Yellow,Upright,No Object,Partially Visible,Happy,10,38,2.08
9,166,84,Male,35,Morning,Medium,Low,Yellow,Upright,No Object,Visible,Neutral,9,44,2.19
10,188,59,Male,32,Morning,Medium,Medium,Blue,Moving,No Object,Visible,Neutral,6,9,1.67
7,188,91,Female,20,Evening,Medium,Low,Yellow,Upright,No Object,Visible,Sad,6,13,1.73
5,168,54,Male,32,Night,Low,Low,Yellow,Moving,No Object,Partially Visible,Neutral,9,35,2.25
18,165,90,Male,37,Morning,Very High,Low,Purple,Upright,Purse,Partially Visible,Happy,9,26,1.43
24,171,46,Male,40,Evening,Very High,High,Blue,Upright,No Object,Partially Visible,Sad,8,43,1.15
7,153,46,Male,41,Evening,High,Low,Purple,Mixed,No Object,Not Visible,Neutral,2,55,2.1
10,164,48,Female,32,Morning,Very High,Low,Yellow,Upright,No Object,Not Visible,Neutral,3,48,1.79
15,154,84,Female,19,Morning,Low,Medium,Green,Mixed,No Object,Not Visible,Happy,5,16,1.92
23,151,57,Male,19,Afternoon,Medium,Low,Green,Mixed,No Object,Partially Visible,Neutral,7,21,1.84
18,149,67,Male,19,Evening,Medium,High,Blue,Upright,Bag,Visible,Sad,5,12,1.31
20,171,68,Female,41,Afternoon,Very High,High,Black,Upright,Purse,Partially Visible,Happy,10,10,0.9
16,145,84,Female,53,Night,Low,Medium,Purple,Moving,No Object,Visible,Neutral,4,45,2.48
13,174,62,Female,54,Afternoon,Low,Medium,Yellow,Upright,Purse,Visible,Sad,6,43,2.33
8,164,45,Male,26,Morning,High,Low,Blue,Moving,No Object,Visible,Neutral,8,15,1.65
22,161,64,Female,15,Morning,Low,High,Red,Upright,Purse,Visible,Happy,5,43,2.34
21,179,59,Female,42,Afternoon,High,Medium,Red,Upright,Bag,Partially Visible,Happy,7,30,1.73
5,169,81,Female,13,Afternoon,Medium,Low,Brown,Bending,No Object,Visible,Neutral,8,53,2.4
19,178,82,Male,42,Evening,High,High,Green,Moving,No Object,Visible,Neutral,5,44,1.71
6,176,49,Female,30,Afternoon,Very High,High,Yellow,Moving,Purse,Not Visible,Happy,11,19,0.87
19,146,84,Male,52,Morning,High,Medium,Yellow,Bending,No Object,Partially Visible,Happy,6,31,1.76
21,154,48,Male,42,Morning,Low,Low,Blue,Upright,No Object,Visible,Neutral,9,17,2.27
7,170,75,Female,47,Evening,Low,Medium,Brown,Upright,Purse,Visible,Neutral,8,54,2.53
13,188,64,Female,31,Afternoon,Low,High,Yellow,Upright,Purse,Visible,Happy,9,33,2.08
7,151,60,Male,52,Evening,Low,Medium,Purple,Upright,No Object,Not Visible,Neutral,8,53,2.32
16,149,69,Male,37,Night,Medium,Low,Yellow,Upright,Laptop,Visible,Neutral,6,33,2.17
23,187,60,Male,42,Afternoon,Medium,Low,Green,Bending,No Object,Not Visible,Happy,9,32,2.0
6,188,84,Male,29,Evening,Low,Low,Purple,Upright,No Object,Visible,Happy,6,15,2.28
12,152,93,Female,33,Night,Low,Low,Blue,Upright,Purse,Partially Visible,Sad,10,57,2.43
24,163,85,Male,52,Morning,Very High,High,Yellow,Bending,Purse,Visible,Sad,6,41,1.23
11,173,66,Female,30,Evening,Low,Low,Green,Upright,Purse,Visible,Neutral,9,21,2.15
7,153,70,Male,13,Afternoon,Medium,Low,Purple,Mixed,Purse,Visible,Sad,3,51,2.42
14,159,67,Female,30,Evening,Medium,High,Yellow,Upright,Purse,Visible,Neutral,2,17,1.66
15,162,84,Female,30,Evening,Low,Medium,Brown,Upright,Laptop,Not Visible,Sad,7,10,1.58
18,173,72,Female,32,Morning,Very High,Low,Blue,Moving,Purse,Partially Visible,Sad,10,41,1.49
11,158,68,Female,15,Morning,Low,High,Blue,Bending,No Object,Visible,Neutral,9,46,2.14
24,163,65,Female,18,Morning,High,Low,Purple,Moving,Purse,Partially Visible,Neutral,4,36,1.9
15,158,63,Female,27,Morning,High,High,Yellow,Upright,No Object,Visible,Happy,10,44,1.66
10,179,72,Female,32,Morning,High,Low,Black,Upright,Purse,Not Visible,Neutral,8,18,1.44
24,151,79,Male,13,Evening,High,Medium,Purple,Bending,No Object,Visible,Neutral,7,20,1.57
23,155,66,Female,30,Night,High,Medium,Yellow,Upright,No Object,Visible,Neutral,11,25,1.44
14,156,85,Female,27,Afternoon,Medium,Low,Green,Bending,Purse,Visible,Happy,9,16,1.94
5,185,86,Male,13,Night,Medium,Medium,Yellow,Upright,Purse,Visible,Sad,4,17,1.65
16,187,66,Female,24,Evening,High,Low,Yellow,Upright,No Object,Not Visible,Sad,1,7,1.35
16,167,90,Male,25,Night,Medium,Medium,Black,Upright,No Object,Visible,Happy,3,18,1.91
7,152,53,Female,18,Evening,Medium,Low,Red,Moving,Laptop,Visible,Neutral,2,35,2.3
17,179,91,Female,48,Morning,Low,High,Yellow,Upright,Bag,Not Visible,Sad,3,25,1.7
21,167,59,Female,15,Evening,Medium,Medium,Green,Mixed,No Object,Visible,Neutral,6,28,1.95
7,183,73,Female,39,Evening,Medium,Medium,Green,Upright,No Object,Visible,Sad,11,55,2.02
19,161,59,Male,43,Evening,Low,Low,Brown,Upright,No Object,Partially Visible,Neutral,8,5,1.83
7,189,67,Male,50,Night,Medium,Medium,Yellow,Upright,No Object,Visible,Happy,5,50,2.36
19,181,62,Female,38,Morning,Low,Medium,Red,Bending,No Object,Not Visible,Neutral,3,6,1.76
13,155,80,Male,38,Evening,Medium,Low,Yellow,Moving,Laptop,Partially Visible,Neutral,9,33,2.05
5,177,49,Female,48,Night,High,Medium,Green,Upright,Purse,Visible,Happy,7,12,1.44
24,157,86,Male,52,Morning,Medium,Low,Black,Upright,No Object,Visible,Neutral,1,31,2.28
8,160,90,Female,22,Afternoon,High,Low,Purple,Moving,No Object,Visible,Neutral,6,54,2.13
16,156,73,Female,50,Night,Low,Medium,Blue,Upright,No Object,Partially Visible,Neutral,2,6,1.91
8,175,72,Female,34,Morning,Low,Low,Blue,Bending,Purse,Partially Visible,Neutral,6,32,2.29
23,156,79,Female,16,Morning,High,Low,Purple,Moving,No Object,Partially Visible,Neutral,1,30,1.85
19,173,54,Male,41,Night,High,Medium,Green,Upright,No Object,Visible,Neutral,3,29,1.68
21,171,82,Male,58,Morning,High,Medium,Purple,Bending,Purse,Partially Visible,Neutral,9,39,1.68
13,178,55,Male,18,Evening,High,Low,Green,Moving,No Object,Visible,Neutral,2,22,1.77
14,189,78,Female,12,Night,High,Low,Brown,Upright,Purse,Not Visible,Sad,2,47,1.96
17,145,60,Female,55,Afternoon,High,Medium,Black,Upright,Laptop,Visible,Sad,3,18,1.44
20,189,82,Female,40,Afternoon,High,Medium,Purple,Upright,No Object,Not Visible,Neutral,11,24,1.26
21,149,84,Male,22,Afternoon,High,Medium,Black,Moving,No Object,Visible,Neutral,11,30,1.49
5,168,55,Female,50,Afternoon,Low,Medium,Black,Bending,Laptop,Visible,Sad,8,55,2.32
18,160,75,Male,30,Afternoon,Low,High,Black,Upright,No Object,Visible,Happy,9,34,2.06
7,173,69,Male,27,Evening,Medium,High,Green,Upright,No Object,Not Visible,Happy,11,51,1.89
10,177,59,Male,25,Night,Medium,Low,Black,Upright,Laptop,Not Visible,Happy,4,12,1.84
21,183,74,Female,40,Night,High,Low,Black,Upright,Purse,Partially Visible,Neutral,5,9,1.51
10,163,94,Male,18,Night,Medium,Low,Yellow,Upright,Bag,Visible,Neutral,1,32,2.27
20,186,45,Female,29,Morning,Medium,Low,Red,Upright,No Object,Partially Visible,Neutral,6,54,2.41
14,159,92,Female,26,Afternoon,High,Low,Black,Upright,No Object,Visible,Neutral,11,17,1.53
9,154,87,Female,14,Night,Low,High,Black,Bending,No Object,Partially Visible,Happy,1,17,1.96
11,162,71,Female,48,Evening,High,Low,Yellow,Bending,No Object,Visible,Neutral,8,13,1.49
15,168,75,Male,12,Afternoon,Low,Low,Brown,Upright,Purse,Not Visible,Happy,6,55,2.73
20,175,63,Male,58,Afternoon,Medium,Medium,Black,Bending,No Object,Partially Visible,Neutral,11,10,1.35
17,182,51,Female,16,Morning,Medium,High,Red,Upright,No Object,Visible,Happy,7,39,1.99
23,155,73,Female,29,Afternoon,Medium,Low,Green,Upright,No Object,Partially Visible,Happy,5,25,2.1
22,158,85,Female,16,Afternoon,Low,High,Blue,Mixed,No Object,Visible,Happy,2,27,2.16
20,187,56,Female,29,Afternoon,Low,High,Blue,Bending,No Object,Visible,Neutral,7,44,2.19
17,164,80,Male,41,Evening,Medium,Medium,Yellow,Upright,Purse,Visible,Happy,11,29,1.94
10,155,82,Male,16,Afternoon,Medium,Medium,Black,Upright,No Object,Visible,Neutral,1,6,1.74
13,189,82,Male,37,Morning,High,Medium,Yellow,Bending,Purse,Visible,Sad,1,35,1.78
7,165,62,Male,49,Night,Low,Low,Red,Upright,No Object,Partially Visible,Neutral,10,6,1.87
12,189,64,Female,33,Afternoon,Medium,Medium,Purple,Mixed,No Object,Partially Visible,Happy,3,51,2.28
23,186,65,Female,17,Afternoon,Low,Low,Black,Upright,Bag,Visible,Neutral,7,57,2.67
13,185,87,Female,45,Evening,Very High,Medium,Blue,Upright,Bag,Not Visible,Happy,7,51,1.64
7,171,90,Female,20,Evening,High,High,Green,Bending,No Object,Not Visible,Sad,6,27,1.24
18,180,65,Male,12,Evening,Very High,Low,Yellow,Bending,No Object,Visible,Neutral,6,27,1.6
24,188,93,Female,32,Morning,Very High,Medium,Brown,Upright,Laptop,Visible,Neutral,8,37,1.38
22,157,73,Male,25,Evening,Medium,Low,Blue,Mixed,Purse,Not Visible,Happy,3,51,2.44
10,146,64,Male,13,Morning,High,Low,Purple,Mixed,No Object,Visible,Neutral,2,46,2.14
14,159,45,Male,49,Night,Medium,Medium,Red,Upright,No Object,Visible,Neutral,11,30,1.77
15,173,75,Female,40,Afternoon,Very High,Low,Blue,Upright,No Object,Not Visible,Happy,1,49,2.04
9,169,77,Female,55,Afternoon,Medium,High,Yellow,Upright,Purse,Partially Visible,Neutral,3,27,1.75
10,148,93,Female,35,Afternoon,Medium,Low,Black,Bending,Purse,Not Visible,Neutral,9,47,2.12
9,170,80,Female,33,Afternoon,Very High,High,Black,Bending,No Object,Not Visible,Sad,7,18,0.73
24,152,46,Male,52,Evening,High,Low,Purple,Upright,No Object,Visible,Sad,4,29,1.77
19,167,73,Male,15,Afternoon,Very High,Low,Yellow,Mixed,No Object,Partially Visible,Happy,2,50,2.09
21,170,82,Female,29,Morning,Low,High,Purple,Upright,Purse,Not Visible,Happy,5,18,1.92
21,173,69,Male,50,Evening,Low,Medium,Blue,Moving,Laptop,Visible,Neutral,1,39,2.4
24,163,66,Female,26,Afternoon,Medium,Low,Yellow,Moving,Purse,Visible,Sad,7,20,1.88
7,163,85,Male,54,Morning,Medium,High,Blue,Upright,Purse,Visible,Happy,6,28,1.84
22,175,75,Male,25,Night,Medium,Low,Yellow,Upright,No Object,Partially Visible,Neutral,11,22,1.79
6,178,79,Male,31,Afternoon,Medium,Low,Black,Upright,Purse,Partially Visible,Neutral,9,41,2.1
14,181,68,Male,55,Evening,High,Medium,Brown,Mixed,No Object,Not Visible,Happy,6,46,1.94
16,160,58,Female,23,Morning,Low,Medium,Red,Upright,No Object,Visible,Happy,6,52,2.64
12,164,70,Female,58,Afternoon,High,Medium,Purple,Moving,No Object,Partially Visible,Neutral,8,24,1.41
7,159,92,Female,14,Afternoon,Very High,High,Blue,Upright,Laptop,Visible,Neutral,4,15,1.1
8,168,75,Female,24,Morning,High,Medium,Brown,Upright,No Object,Not Visible,Neutral,7,56,1.93
21,150,80,Male,40,Night,Medium,Low,Blue,Mixed,No Object,Partially Visible,Happy,1,26,2.23
11,164,51,Male,40,Afternoon,Low,Low,Purple,Upright,Laptop,Partially Visible,Neutral,11,40,2.17
11,153,94,Male,55,Evening,Low,Low,Green,Moving,Purse,Visible,Neutral,11,25,2.12
23,168,57,Female,58,Evening,High,Medium,Yellow,Upright,No Object,Visible,Neutral,10,50,1.85
7,183,93,Male,44,Afternoon,Medium,Low,Yellow,Upright,No Object,Visible,Sad,3,9,1.75
23,189,67,Male,43,Evening,Low,Medium,Black,Upright,Laptop,Not Visible,Happy,9,7,1.67
23,165,90,Female,27,Evening,Very High,Medium,Red,Upright,No Object,Visible,Neutral,7,23,1.35
16,147,89,Female,50,Morning,High,High,Blue,Moving,No Object,Not Visible,Sad,11,27,0.9
8,155,82,Female,42,Evening,High,Low,Brown,Upright,No Object,Visible,Happy,1,46,2.36
8,149,90,Male,13,Morning,Medium,Low,Black,Upright,No Object,Partially Visible,Sad,5,30,1.94
10,179,75,Female,51,Afternoon,Very High,High,Brown,Upright,Purse,Visible,Neutral,2,18,1.28
16,189,87,Female,29,Afternoon,Low,Medium,Blue,Bending,Laptop,Visible,Happy,11,9,1.82
8,169,53,Male,34,Afternoon,Low,Medium,Black,Moving,No Object,Partially Visible,Happy,2,49,2.64
14,152,48,Female,35,Morning,Very High,Medium,Red,Bending,Bag,Visible,Neutral,1,32,1.61
7,145,72,Female,51,Evening,Very High,High,Black,Mixed,Purse,Visible,Sad,2,57,1.65
15,188,85,Male,24,Afternoon,Medium,Low,Red,Upright,Purse,Partially Visible,Sad,11,23,1.73
5,159,83,Male,30,Morning,Low,High,Brown,Upright,No Object,Visible,Neutral,6,17,1.74
19,150,71,Male,13,Morning,Medium,Low,Black,Bending,No Object,Partially Visible,Happy,2,19,2.06
6,152,71,Female,28,Evening,High,High,Yellow,Upright,Purse,Partially Visible,Neutral,5,27,1.43
8,156,75,Male,16,Evening,High,Low,Black,Bending,Purse,Visible,Neutral,5,12,1.62
8,174,88,Female,39,Evening,Medium,Low,Blue,Moving,No Object,Visible,Happy,9,12,1.85
21,185,87,Female,54,Evening,Low,Low,Blue,Upright,No Object,Visible,Happy,3,48,2.83
6,157,50,Male,34,Night,High,High,Yellow,Mixed,No Object,Visible,Neutral,2,43,1.85
13,175,74,Female,55,Night,High,High,Purple,Upright,No Object,Visible,Neutral,9,32,1.45
16,147,64,Female,58,Night,Medium,Low,Red,Bending,No Object,Partially Visible,Neutral,5,31,2.03
15,145,84,Female,14,Night,Medium,Low,Brown,Upright,No Object,Visible,Neutral,2,32,2.26
18,147,70,Male,36,Night,Very High,Low,Black,Bending,No Object,Not Visible,Happy,5,37,1.69
21,186,94,Male,37,Afternoon,Low,Low,Blue,Upright,Laptop,Partially Visible,Happy,5,20,2.29
12,171,66,Female,30,Evening,Medium,High,Black,Mixed,Laptop,Visible,Neutral,3,47,2.07
21,181,78,Male,51,Evening,High,Low,Purple,Mixed,No Object,Partially Visible,Neutral,3,5,1.42
11,145,50,Male,30,Morning,Medium,High,Blue,Bending,No Object,Visible,Happy,2,47,2.27
24,146,91,Female,14,Evening,Very High,High,Yellow,Bending,No Object,Visible,Sad,10,48,1.3
15,183,52,Male,38,Evening,High,Low,Red,Bending,No Object,Not Visible,Neutral,1,33,1.96
19,149,63,Female,21,Evening,Medium,Medium,Yellow,Bending,Laptop,Visible,Happy,6,21,1.84
22,151,86,Male,29,Night,Low,High,Red,Bending,No Object,Visible,Happy,1,53,2.6
20,168,93,Male,36,Evening,High,High,Red,Bending,Laptop,Not Visible,Sad,9,50,1.41
22,172,69,Male,46,Night,Low,Medium,Red,Moving,No Object,Not Visible,Neutral,5,56,2.41
15,155,69,Male,25,Night,Low,Low,Yellow,Bending,Bag,Partially Visible,Happy,11,5,1.79
5,165,47,Male,30,Night,Medium,Low,Brown,Upright,Purse,Partially Visible,Neutral,1,39,2.25
14,175,93,Male,15,Afternoon,Medium,High,Brown,Mixed,Purse,Partially Visible,Happy,4,5,1.48
8,164,45,Male,30,Morning,Very High,Low,Blue,Upright,Bag,Partially Visible,Neutral,5,7,1.18
22,162,46,Female,39,Afternoon,High,Medium,Purple,Upright,No Object,Visible,Neutral,1,8,1.45
9,148,68,Female,41,Evening,High,Medium,Yellow,Mixed,No Object,Not Visible,Sad,5,47,1.75
9,165,45,Male,26,Night,Medium,Medium,Black,Upright,No Object,Partially Visible,Neutral,6,44,2.17
9,181,53,Male,14,Night,Medium,Low,Purple,Upright,Laptop,Visible,Neutral,5,54,2.49
17,173,76,Male,39,Evening,Very High,Low,Blue,Bending,Laptop,Visible,Neutral,6,39,1.66
16,185,80,Male,43,Evening,Medium,High,Green,Moving,No Object,Visible,Sad,3,35,1.8
23,150,59,Female,16,Night,High,Low,Red,Upright,Purse,Visible,Happy,3,14,1.72
13,145,84,Female,36,Evening,Medium,Low,Blue,Upright,No Object,Visible,Happy,6,43,2.35
10,169,75,Male,16,Morning,Low,High,Yellow,Upright,No Object,Visible,Sad,8,55,2.21
5,153,56,Female,33,Evening,Medium,Medium,Green,Upright,Purse,Not Visible,Sad,5,24,1.51
5,171,80,Female,42,Afternoon,Low,Medium,Brown,Upright,No Object,Visible,Neutral,6,43,2.35
12,185,74,Male,46,Evening,Low,High,Purple,Upright,No Object,Visible,Neutral,11,32,1.8
23,160,85,Female,46,Evening,Low,Medium,Yellow,Mixed,Purse,Not Visible,Happy,8,33,2.12
15,169,52,Male,48,Afternoon,Low,High,Green,Bending,Purse,Visible,Neutral,1,48,2.47
22,175,56,Female,23,Afternoon,Medium,High,Green,Moving,Purse,Partially Visible,Happy,4,21,1.67
7,151,60,Female,52,Morning,Very High,Low,Red,Mixed,No Object,Partially Visible,Neutral,1,53,2.01
6,185,62,Male,28,Afternoon,Medium,Low,Yellow,Mixed,No Object,Partially Visible,Neutral,10,59,2.29
21,154,89,Female,29,Night,High,Low,Purple,Moving,Purse,Visible,Sad,10,11,1.29
7,181,81,Female,49,Evening,Medium,Medium,Black,Upright,Laptop,Visible,Sad,6,33,1.8
6,174,72,Male,27,Night,Low,Medium,Black,Moving,No Object,Partially Visible,Sad,3,5,1.72
13,151,72,Male,15,Night,Low,Medium,Yellow,Bending,Laptop,Visible,Neutral,8,23,1.93
23,177,89,Female,46,Night,Very High,High,Green,Upright,Purse,Visible,Happy,3,25,1.36
18,153,67,Male,43,Morning,High,Medium,Green,Upright,Laptop,Visible,Happy,9,41,1.89
6,171,56,Male,39,Afternoon,Very High,High,Purple,Upright,Purse,Partially Visible,Neutral,10,26,1.03
21,188,51,Female,18,Morning,Medium,Medium,Green,Upright,No Object,Partially Visible,Happy,2,24,2.01
21,187,61,Male,42,Morning,High,Medium,Purple,Moving,Purse,Partially Visible,Neutral,6,47,1.84
21,184,77,Female,21,Morning,High,Low,Blue,Upright,No Object,Partially Visible,Neutral,2,46,2.1
23,167,68,Female,38,Afternoon,Very High,Medium,Black,Upright,No Object,Visible,Sad,7,5,0.94
9,170,66,Female,36,Morning,Low,Medium,Black,Upright,No Object,Not Visible,Neutral,8,23,1.8
24,158,69,Female,49,Night,Very High,Low,Green,Moving,No Object,Not Visible,Neutral,1,47,1.8
11,186,93,Female,58,Evening,Medium,High,Purple,Upright,Purse,Visible,Neutral,11,10,1.36
21,166,94,Female,21,Evening,High,Medium,Black,Upright,Laptop,Visible,Neutral,3,34,1.84
16,179,53,Female,17,Evening,Medium,Low,Purple,Moving,No Object,Visible,Happy,6,32,2.27
20,161,50,Male,38,Night,Medium,High,Blue,Moving,No Object,Not Visible,Neutral,3,43,1.89
17,178,57,Female,57,Morning,Medium,Low,Green,Bending,Bag,Visible,Neutral,10,42,2.16
17,155,87,Male,19,Afternoon,High,Medium,Black,Bending,No Object,Visible,Happy,9,33,1.67
17,178,67,Female,35,Afternoon,Medium,Medium,Black,Upright,No Object,Not Visible,Neutral,11,27,1.58
20,147,88,Male,31,Evening,Medium,Low,Blue,Mixed,Laptop,Partially Visible,Sad,5,48,2.2
19,149,77,Male,27,Evening,Medium,Medium,Green,Bending,Bag,Visible,Happy,7,26,1.91
7,160,72,Male,43,Night,High,Low,Brown,Moving,Purse,Partially Visible,Neutral,7,29,1.67
21,166,59,Female,26,Evening,Medium,Low,Blue,Upright,No Object,Partially Visible,Happy,3,28,2.2
15,177,62,Male,35,Morning,High,Medium,Yellow,Bending,Purse,Visible,Neutral,11,24,1.36
11,161,52,Male,52,Evening,Medium,Low,Black,Upright,Laptop,Partially Visible,Sad,10,39,1.91
15,145,70,Female,30,Night,High,High,Purple,Upright,Laptop,Partially Visible,Neutral,11,40,1.4
24,159,59,Female,13,Evening,High,Low,Blue,Bending,No Object,Partially Visible,Sad,6,54,2.0
22,164,59,Female,54,Evening,High,Low,Yellow,Moving,Laptop,Not Visible,Sad,2,29,1.7
21,169,46,Male,25,Morning,High,High,Black,Upright,Purse,Partially Visible,Happy,2,46,1.92
14,173,84,Female,49,Morning,Medium,Medium,Red,Moving,No Object,Partially Visible,Neutral,7,21,1.64
20,156,91,Female,48,Morning,Low,Medium,Brown,Upright,No Object,Partially Visible,Sad,10,57,2.3
12,172,69,Male,37,Morning,High,Medium,Blue,Bending,No Object,Visible,Sad,8,55,1.85
18,173,71,Female,16,Afternoon,Low,High,Red,Upright,Bag,Visible,Neutral,9,37,2.09
17,179,91,Male,57,Night,Low,Low,Black,Upright,No Object,Not Visible,Happy,9,44,2.4
9,168,70,Male,44,Afternoon,High,Low,Yellow,Moving,Purse,Partially Visible,Happy,10,36,1.78
10,181,76,Female,32,Evening,Medium,High,Blue,Upright,No Object,Visible,Happy,11,15,1.53
6,154,66,Male,52,Night,Medium,Low,Brown,Mixed,Purse,Visible,Neutral,4,56,2.57
7,177,70,Male,49,Night,Very High,Medium,Red,Upright,No Object,Visible,Neutral,9,45,1.62
13,147,71,Male,48,Evening,Low,Medium,Blue,Bending,Bag,Visible,Neutral,4,28,2.22
14,149,80,Female,20,Night,Low,Medium,Yellow,Upright,Purse,Visible,Neutral,8,18,2.05
8,183,75,Male,42,Afternoon,Low,High,Red,Bending,Purse,Partially Visible,Happy,1,41,2.34
13,166,70,Male,25,Afternoon,Low,High,Green,Mixed,Purse,Visible,Sad,1,28,2.04
17,172,48,Female,15,Afternoon,High,Low,Black,Bending,Purse,Partially Visible,Happy,3,50,2.25
9,172,90,Female,28,Night,High,Medium,Red,Upright,Bag,Not Visible,Happy,6,16,1.44
11,176,89,Male,16,Afternoon,Medium,Medium,Purple,Moving,No Object,Not Visible,Sad,11,33,1.57
12,156,54,Female,17,Night,Medium,Low,Black,Moving,Laptop,Not Visible,Happy,7,11,1.79
15,153,59,Male,46,Morning,Medium,High,Green,Upright,No Object,Visible,Happy,7,44,2.08
12,146,93,Female,36,Morning,Low,Medium,Purple,Bending,Purse,Partially Visible,Sad,8,26,1.69
19,183,61,Female,31,Evening,High,Low,Black,Bending,Bag,Partially Visible,Sad,10,15,1.3
11,155,85,Female,21,Night,High,High,Brown,Moving,Laptop,Visible,Sad,7,35,1.39
13,170,84,Male,49,Evening,Low,High,Red,Upright,No Object,Not Visible,Happy,9,36,1.93
12,165,88,Female,42,Afternoon,High,Low,Blue,Upright,No Object,Partially Visible,Happy,5,21,1.77
8,152,45,Female,40,Morning,High,High,Red,Mixed,Laptop,Partially Visible,Happy,11,56,1.82
18,163,69,Male,21,Afternoon,Medium,Low,Black,Bending,No Object,Visible,Happy,6,9,1.92
9,148,73,Male,17,Afternoon,High,Low,Yellow,Bending,Bag,Visible,Sad,10,23,1.48
10,152,86,Female,17,Afternoon,High,Low,Purple,Mixed,No Object,Not Visible,Happy,11,18,1.41
20,151,56,Male,13,Night,Low,High,Brown,Upright,No Object,Visible,Neutral,10,55,2.32
23,182,60,Female,58,Night,Low,Low,Red,Upright,Purse,Visible,Happy,4,18,2.32
18,170,53,Male,29,Night,High,Low,Brown,Moving,No Object,Partially Visible,Neutral,5,17,1.6
23,186,83,Female,43,Morning,Very High,Medium,Brown,Moving,No Object,Partially Visible,Happy,9,37,1.58
22,164,94,Female,59,Morning,Medium,Medium,Brown,Mixed,No Object,Visible,Happy,11,19,1.69
14,154,52,Male,56,Afternoon,Medium,Low,Yellow,Bending,Bag,Visible,Happy,7,20,2.03
20,172,56,Male,27,Evening,High,Low,Black,Upright,Purse,Partially Visible,Sad,9,18,1.39
11,186,60,Male,35,Evening,Medium,High,Brown,Upright,Bag,Not Visible,Neutral,5,34,1.59
14,168,89,Female,34,Afternoon,Low,Medium,Black,Upright,No Object,Visible,Neutral,10,46,2.2
15,145,67,Female,13,Morning,Medium,High,Blue,Mixed,No Object,Partially Visible,Happy,5,30,1.79
24,158,59,Male,48,Afternoon,Very High,Low,Red,Upright,No Object,Visible,Neutral,7,53,1.89
21,186,61,Female,39,Night,High,Medium,Purple,Bending,No Object,Partially Visible,Neutral,6,19,1.43
14,168,74,Female,29,Night,Very High,High,Black,Upright,No Object,Partially Visible,Neutral,10,51,1.31
18,187,64,Male,38,Night,Low,Low,Green,Upright,No Object,Not Visible,Neutral,9,45,2.35
9,167,52,Female,47,Evening,Medium,Low,Green,Upright,No Object,Partially Visible,Sad,10,9,1.36
21,145,86,Male,12,Morning,Medium,Low,Red,Bending,Purse,Visible,Sad,2,41,2.26
16,184,66,Female,43,Night,Low,Low,Purple,Upright,No Object,Visible,Sad,3,59,2.77
15,179,57,Male,53,Morning,Low,Low,Red,Mixed,Purse,Not Visible,Neutral,11,42,2.24
20,177,81,Male,46,Afternoon,High,High,Blue,Mixed,No Object,Visible,Happy,2,19,1.56
17,188,82,Male,41,Night,High,Medium,Black,Upright,Purse,Partially Visible,Happy,9,28,1.56
6,153,52,Male,16,Evening,High,Medium,Green,Moving,Purse,Visible,Happy,7,52,2.08
10,185,48,Male,47,Morning,Medium,Low,Red,Upright,Laptop,Visible,Neutral,4,22,2.1
8,155,47,Female,48,Evening,Medium,Medium,Green,Upright,Laptop,Partially Visible,Neutral,1,31,1.98
19,188,83,Male,35,Morning,Low,Medium,Yellow,Upright,No Object,Visible,Neutral,1,37,2.47
5,153,76,Female,39,Afternoon,Low,High,Blue,Moving,No Object,Not Visible,Neutral,10,50,2.07
9,169,84,Male,41,Night,Medium,Medium,Purple,Bending,Laptop,Visible,Neutral,2,57,2.36
16,180,76,Male,17,Afternoon,Medium,High,Green,Upright,Bag,Visible,Sad,9,43,1.72
18,148,65,Female,24,Night,Very High,Low,Red,Moving,Purse,Visible,Happy,2,28,1.76
15,148,74,Male,50,Evening,Medium,Medium,Red,Moving,No Object,Visible,Happy,5,27,1.95
22,183,81,Male,58,Evening,Low,High,Yellow,Moving,Purse,Partially Visible,Neutral,2,41,2.23
23,147,64,Female,24,Evening,Low,Medium,Green,Bending,Bag,Visible,Neutral,8,9,1.82
7,172,90,Male,31,Evening,High,Medium,Purple,Moving,No Object,Visible,Neutral,2,29,1.79
24,187,89,Female,55,Morning,Low,High,Yellow,Bending,No Object,Not Visible,Sad,7,24,1.54
17,172,85,Male,19,Night,Low,High,Red,Upright,Laptop,Visible,Happy,11,56,2.36
17,166,94,Female,24,Afternoon,Medium,Low,Green,Moving,Purse,Visible,Neutral,9,52,2.27
6,163,64,Male,14,Evening,Medium,Low,Yellow,Upright,No Object,Not Visible,Sad,8,19,1.6
17,173,50,Male,23,Evening,High,Medium,Red,Moving,No Object,Partially Visible,Neutral,10,41,1.6
19,170,69,Female,42,Evening,Medium,High,Purple,Bending,Purse,Visible,Neutral,10,30,1.67
16,167,82,Female,28,Afternoon,Low,Medium,Blue,Upright,Purse,Not Visible,Happy,9,50,2.32
6,151,83,Female,59,Night,High,Low,Yellow,Upright,Purse,Partially Visible,Neutral,7,32,1.78
15,174,64,Male,54,Morning,Medium,Medium,Yellow,Bending,No Object,Visible,Happy,5,40,2.23
23,178,59,Male,54,Evening,High,Low,Black,Moving,No Object,Visible,Neutral,7,45,2.04
19,176,67,Female,46,Evening,Low,Low,Yellow,Moving,Purse,Not Visible,Neutral,2,50,2.62
7,148,85,Male,45,Evening,High,Low,Purple,Bending,No Object,Visible,Sad,10,44,1.84
24,176,48,Male,36,Morning,Medium,Low,Yellow,Upright,No Object,Not Visible,Neutral,10,21,1.64
24,177,61,Male,59,Afternoon,Medium,Medium,Brown,Upright,Purse,Visible,Happy,3,45,2.38
8,153,56,Female,16,Morning,Medium,Low,Green,Moving,No Object,Visible,Sad,9,22,1.81
21,183,85,Male,46,Evening,Very High,Low,Green,Upright,Purse,Not Visible,Neutral,8,45,1.62
13,168,68,Male,18,Evening,Low,Medium,Purple,Moving,No Object,Not Visible,Neutral,10,57,2.28
16,166,49,Male,28,Evening,Very High,Low,Blue,Upright,Purse,Visible,Happy,10,30,1.61
13,177,58,Male,24,Night,Very High,Low,Green,Upright,Purse,Visible,Neutral,9,54,1.85
20,167,47,Male,40,Afternoon,Medium,Low,Black,Bending,Purse,Partially Visible,Sad,11,13,1.49
24,169,68,Male,49,Afternoon,Medium,Low,Green,Bending,Laptop,Partially Visible,Happy,4,28,2.11
20,159,94,Male,15,Afternoon,Medium,Medium,Green,Bending,No Object,Visible,Neutral,5,52,2.35
23,186,73,Male,40,Morning,Very High,Low,Brown,Upright,Laptop,Visible,Neutral,2,45,2.04
23,188,88,Female,22,Night,High,Low,Green,Moving,No Object,Not Visible,Happy,10,22,1.53
6,150,82,Female,15,Night,Medium,Low,Purple,Upright,Bag,Visible,Neutral,4,32,2.23
10,177,89,Male,32,Afternoon,Low,Low,Blue,Moving,No Object,Visible,Neutral,6,11,2.14
19,146,60,Male,39,Night,High,Low,Green,Bending,Purse,Visible,Happy,2,49,2.33
16,161,92,Male,21,Morning,Low,Low,Yellow,Upright,No Object,Visible,Happy,3,12,2.18
6,188,56,Male,30,Morning,Low,Low,Black,Bending,No Object,Partially Visible,Neutral,8,36,2.38
6,152,66,Male,57,Afternoon,Medium,Low,Brown,Bending,No Object,Visible,Neutral,3,32,2.22
15,161,79,Female,28,Afternoon,Medium,High,Brown,Bending,No Object,Partially Visible,Happy,6,38,1.87
17,154,59,Male,59,Morning,Very High,Low,Green,Bending,No Object,Visible,Sad,5,28,1.48
8,177,58,Female,52,Evening,High,Low,Yellow,Upright,No Object,Visible,Sad,7,9,1.37
8,165,51,Male,29,Night,Low,Medium,Blue,Mixed,Purse,Not Visible,Sad,3,41,2.29
7,171,45,Male,39,Afternoon,Medium,Low,Yellow,Upright,No Object,Partially Visible,Neutral,6,54,2.35
16,187,70,Male,46,Afternoon,High,High,Red,Upright,No Object,Visible,Happy,1,38,1.9
5,168,94,Male,34,Morning,Medium,Low,Brown,Moving,Bag,Visible,Happy,6,7,1.94
16,178,56,Male,31,Afternoon,Low,Medium,Red,Upright,Purse,Partially Visible,Sad,2,10,1.85
14,149,67,Male,27,Night,Medium,High,Purple,Mixed,No Object,Partially Visible,Sad,9,20,1.35
14,154,91,Male,18,Night,High,Low,Brown,Upright,No Object,Partially Visible,Neutral,10,21,1.49
18,187,83,Female,13,Morning,Very High,Low,Red,Upright,No Object,Partially Visible,Neutral,5,11,1.26
15,183,45,Female,28,Morning,High,Medium,Red,Upright,Purse,Visible,Neutral,10,54,1.8
19,174,70,Male,50,Night,Low,High,Blue,Upright,Laptop,Not Visible,Neutral,5,45,2.08
20,162,52,Female,23,Morning,High,Low,Purple,Upright,Purse,Visible,Happy,10,47,2.11
23,153,57,Male,20,Evening,Medium,Medium,Brown,Upright,Bag,Visible,Neutral,6,57,2.36
20,183,57,Male,27,Night,Very High,Low,Blue,Upright,Purse,Partially Visible,Neutral,7,52,1.91
15,180,75,Male,40,Night,Medium,Medium,Blue,Upright,Bag,Visible,Neutral,5,14,1.75
14,155,54,Male,22,Evening,Low,Low,Red,Upright,Purse,Visible,Neutral,11,6,1.89
9,171,57,Female,22,Afternoon,Medium,Medium,Blue,Upright,Purse,Visible,Neutral,8,45,2.08
16,172,56,Female,17,Night,Medium,Low,Yellow,Upright,Purse,Partially Visible,Happy,6,55,2.58
7,166,62,Female,27,Evening,Low,Medium,Brown,Upright,Purse,Partially Visible,Happy,9,43,2.32
23,186,77,Female,22,Night,Medium,Low,Green,Upright,No Object,Partially Visible,Happy,6,52,2.53
21,150,64,Female,51,Evening,High,Medium,Red,Upright,No Object,Visible,Neutral,10,38,1.71
7,156,61,Male,55,Night,High,Medium,Green,Upright,No Object,Visible,Neutral,6,29,1.67
20,149,70,Male,29,Night,Medium,High,Green,Upright,No Object,Not Visible,Neutral,9,12,1.14
7,176,75,Male,16,Morning,Low,High,Red,Mixed,Bag,Partially Visible,Neutral,3,42,2.23
19,173,45,Female,16,Afternoon,Medium,Medium,Brown,Upright,Purse,Visible,Neutral,7,21,1.77
6,189,89,Male,27,Night,Medium,Medium,Brown,Upright,No Object,Visible,Neutral,7,19,1.76
14,169,90,Female,34,Morning,Low,Low,Purple,Bending,No Object,Visible,Neutral,6,53,2.71
18,151,75,Female,37,Evening,Very High,High,Green,Upright,No Object,Visible,Happy,5,41,1.58
19,165,73,Male,26,Afternoon,Very High,Medium,Blue,Upright,Laptop,Partially Visible,Neutral,1,29,1.54
13,148,79,Male,29,Morning,Low,Medium,Yellow,Moving,Bag,Not Visible,Happy,11,48,2.23
23,175,67,Female,25,Evening,High,Medium,Green,Moving,No Object,Not Visible,Happy,3,45,1.97
20,175,63,Male,36,Night,High,High,Brown,Mixed,No Object,Visible,Neutral,2,31,1.59
9,183,62,Male,45,Night,Medium,High,Yellow,Mixed,Bag,Visible,Sad,9,58,1.98
18,160,52,Male,14,Afternoon,High,High,Purple,Bending,Purse,Partially Visible,Neutral,1,6,1.21
19,158,87,Female,34,Morning,Low,Medium,Green,Bending,Laptop,Visible,Neutral,9,32,2.08
11,148,61,Male,43,Night,Low,Low,Brown,Upright,No Object,Partially Visible,Happy,4,27,2.41
19,163,59,Female,44,Night,Very High,High,Red,Moving,No Object,Partially Visible,Happy,8,11,0.91
22,166,93,Male,39,Evening,High,Medium,Yellow,Bending,Purse,Visible,Sad,3,44,1.83
21,178,70,Female,37,Evening,Medium,Medium,Red,Upright,No Object,Visible,Neutral,8,10,1.58
20,178,76,Female,44,Evening,Medium,Medium,Brown,Upright,Laptop,Visible,Neutral,11,43,1.98
17,151,57,Male,30,Morning,Very High,Medium,Blue,Bending,Purse,Partially Visible,Sad,6,46,1.36
10,157,58,Female,39,Morning,Medium,Medium,Black,Bending,No Object,Visible,Neutral,7,31,1.92
20,168,81,Male,27,Morning,Very High,Medium,Red,Moving,No Object,Visible,Happy,7,18,1.31
12,160,67,Male,33,Night,Very High,High,Brown,Upright,Purse,Visible,Neutral,4,59,1.71
15,146,52,Female,17,Morning,Medium,High,Black,Moving,Bag,Not Visible,Neutral,7,43,1.69
11,183,86,Male,28,Evening,High,Medium,Brown,Upright,No Object,Not Visible,Neutral,8,11,1.16
11,177,65,Female,18,Afternoon,High,Low,Green,Bending,Purse,Not Visible,Neutral,1,45,2.04
8,168,78,Female,22,Morning,High,Medium,Red,Upright,No Object,Not Visible,Neutral,5,13,1.35
24,159,62,Male,32,Night,Medium,Medium,Brown,Upright,Bag,Visible,Neutral,6,39,1.97
7,182,73,Male,36,Morning,Low,Medium,Brown,Upright,Purse,Visible,Neutral,3,19,2.05
6,146,83,Female,57,Night,Low,High,Brown,Upright,No Object,Visible,Happy,6,39,2.19
23,165,89,Male,13,Night,High,Low,Blue,Upright,Purse,Partially Visible,Neutral,5,49,2.1
16,181,55,Male,55,Night,High,Low,Yellow,Moving,Purse,Partially Visible,Neutral,7,48,2.07
13,187,78,Male,27,Morning,High,High,Black,Upright,Purse,Visible,Neutral,4,46,1.82
19,156,90,Male,46,Night,Medium,High,Blue,Moving,No Object,Not Visible,Sad,10,43,1.48
12,174,77,Female,44,Evening,Low,Medium,Red,Moving,Purse,Visible,Neutral,8,47,2.34
7,153,52,Male,58,Afternoon,Low,Low,Green,Upright,Laptop,Partially Visible,Neutral,7,54,2.56
19,150,54,Female,17,Evening,High,Medium,Red,Moving,No Object,Not Visible,Happy,9,53,1.91
8,160,55,Female,58,Afternoon,Medium,Medium,Yellow,Moving,No Object,Partially Visible,Neutral,1,47,2.22
16,184,50,Female,15,Afternoon,High,Medium,Red,Moving,Laptop,Partially Visible,Happy,3,29,1.71
23,176,82,Female,54,Afternoon,Low,Low,Red,Moving,Purse,Partially Visible,Neutral,2,21,2.28
23,167,93,Female,43,Evening,Medium,Low,Blue,Bending,No Object,Partially Visible,Neutral,7,22,1.93
12,157,70,Male,35,Evening,Very High,Medium,Green,Mixed,Laptop,Not Visible,Happy,4,38,1.55
20,151,74,Male,31,Morning,Low,Medium,Red,Upright,No Object,Visible,Sad,8,38,2.12
17,157,83,Female,16,Morning,Low,Medium,Brown,Upright,Laptop,Visible,Neutral,11,28,1.91
14,151,65,Male,50,Night,High,Low,Red,Moving,No Object,Not Visible,Neutral,5,27,1.57
7,153,68,Female,46,Evening,Medium,Low,Yellow,Upright,No Object,Partially Visible,Neutral,4,44,2.2
12,175,74,Male,56,Night,Very High,Low,Black,Bending,Bag,Partially Visible,Neutral,6,33,1.56
18,150,60,Female,47,Afternoon,Very High,High,Red,Upright,Purse,Visible,Neutral,6,6,0.86
24,147,48,Female,57,Afternoon,High,Low,Green,Upright,No Object,Visible,Happy,4,12,1.79
5,169,73,Male,54,Afternoon,Low,Medium,Red,Moving,Bag,Visible,Sad,4,23,2.0
19,157,86,Female,32,Evening,Medium,Medium,Purple,Upright,Bag,Not Visible,Neutral,5,26,1.78
21,165,48,Male,45,Night,Very High,High,Brown,Upright,Laptop,Visible,Neutral,6,45,1.51
24,151,55,Male,24,Evening,Medium,Low,Yellow,Bending,No Object,Visible,Neutral,5,30,2.11
13,154,58,Female,50,Afternoon,Very High,Medium,Green,Moving,No Object,Visible,Happy,6,28,1.46
7,164,85,Female,41,Night,High,High,Blue,Moving,Purse,Visible,Neutral,4,9,1.14
10,176,70,Female,33,Evening,Low,Low,Blue,Upright,Bag,Visible,Neutral,7,8,2.06
22,163,71,Male,42,Afternoon,Medium,Medium,Green,Moving,No Object,Partially Visible,Sad,6,59,2.11
22,169,77,Male,25,Morning,High,Low,Yellow,Bending,No Object,Visible,Happy,3,52,2.32
17,168,58,Male,41,Evening,Low,High,Black,Moving,No Object,Visible,Neutral,9,7,1.56
7,157,80,Female,34,Evening,Medium,Medium,Purple,Upright,No Object,Visible,Sad,10,29,1.59
7,157,46,Male,27,Night,High,Low,Green,Upright,Purse,Visible,Sad,5,55,2.14
14,164,50,Female,58,Morning,Low,High,Blue,Bending,No Object,Not Visible,Neutral,6,44,2.02
16,146,85,Female,15,Morning,Medium,Medium,Black,Bending,Purse,Not Visible,Neutral,11,9,1.34
5,175,77,Male,48,Night,High,Medium,Red,Upright,Purse,Partially Visible,Neutral,4,28,1.66
18,172,53,Female,22,Evening,High,Low,Brown,Bending,No Object,Not Visible,Happy,3,52,2.29
15,158,66,Male,22,Morning,Medium,Low,Red,Bending,Laptop,Visible,Neutral,4,21,2.04
5,161,47,Male,19,Morning,Very High,Medium,Brown,Upright,No Object,Not Visible,Neutral,5,35,1.32
6,159,78,Male,16,Afternoon,Very High,Medium,Green,Bending,No Object,Visible,Happy,5,22,1.4
14,174,82,Female,17,Evening,Medium,High,Green,Upright,No Object,Partially Visible,Neutral,7,15,1.38
19,179,58,Female,51,Morning,Low,Low,Brown,Moving,Purse,Partially Visible,Happy,4,52,2.88
21,149,62,Female,56,Afternoon,High,Medium,Brown,Bending,No Object,Visible,Neutral,6,17,1.46
13,163,56,Female,40,Evening,Low,Low,Purple,Bending,Bag,Visible,Neutral,2,37,2.58
10,145,64,Female,12,Night,High,Medium,Green,Mixed,No Object,Visible,Sad,11,24,1.39
24,165,58,Female,53,Afternoon,Medium,Low,Yellow,Bending,No Object,Visible,Happy,4,38,2.41
14,156,57,Female,40,Afternoon,Medium,Low,Yellow,Upright,Laptop,Visible,Happy,4,48,2.51
11,160,66,Male,37,Afternoon,Medium,Low,Purple,Bending,Bag,Not Visible,Neutral,2,35,2.17
13,165,87,Male,57,Morning,Medium,Medium,Purple,Mixed,Purse,Visible,Neutral,5,13,1.67
5,159,83,Female,31,Morning,Very High,Low,Yellow,Upright,No Object,Partially Visible,Happy,11,20,1.35
11,162,59,Female,29,Night,Low,High,Green,Bending,No Object,Partially Visible,Neutral,7,18,1.73
15,179,92,Female,49,Morning,Very High,Low,Brown,Upright,No Object,Visible,Sad,8,42,1.58
23,181,55,Female,37,Night,Low,Medium,Yellow,Moving,Purse,Visible,Neutral,7,43,2.34
19,145,90,Female,46,Morning,High,Medium,Green,Bending,Purse,Visible,Happy,4,12,1.66
20,162,60,Female,45,Evening,Very High,Low,Yellow,Mixed,No Object,Visible,Happy,9,38,1.72
15,183,72,Female,52,Night,Medium,Low,Brown,Bending,Purse,Visible,Neutral,4,30,2.23
7,168,55,Male,27,Evening,Low,Low,Black,Upright,Purse,Visible,Neutral,9,28,2.2
12,154,83,Female,15,Evening,High,Medium,Purple,Bending,No Object,Visible,Sad,11,52,1.82
24,171,60,Female,34,Afternoon,High,High,Red,Mixed,No Object,Not Visible,Happy,1,8,1.23
5,151,88,Female,43,Evening,Medium,Low,Brown,Upright,Laptop,Not Visible,Neutral,2,44,2.25
22,145,49,Female,51,Evening,Medium,Medium,Yellow,Upright,No Object,Visible,Sad,9,35,1.86
18,173,70,Male,24,Afternoon,High,Medium,Red,Moving,No Object,Partially Visible,Happy,2,19,1.74
10,168,52,Male,47,Morning,Low,Medium,Green,Bending,No Object,Not Visible,Sad,8,17,1.68
20,179,89,Female,51,Night,High,Medium,Black,Upright,Purse,Visible,Neutral,3,14,1.47
21,160,65,Female,50,Morning,Medium,High,Blue,Upright,Purse,Visible,Neutral,7,38,1.83
5,183,78,Male,50,Night,Low,Medium,Purple,Upright,Purse,Visible,Neutral,8,41,2.28
7,163,88,Male,59,Night,High,High,Brown,Bending,No Object,Visible,Sad,4,20,1.24
18,178,71,Female,43,Morning,Medium,Low,Blue,Upright,Purse,Not Visible,Sad,10,25,1.66
24,149,47,Male,29,Evening,Very High,High,Black,Upright,No Object,Not Visible,Happy,10,58,1.46
5,149,56,Female,32,Evening,Medium,High,Red,Moving,Laptop,Partially Visible,Neutral,3,43,1.88
18,180,55,Male,47,Morning,Medium,High,Red,Upright,Bag,Visible,Happy,9,37,1.79
7,182,90,Male,23,Night,Medium,Low,Yellow,Bending,Purse,Not Visible,Happy,8,11,1.8
18,187,90,Female,40,Morning,Medium,High,Purple,Upright,No Object,Visible,Neutral,3,36,1.89
17,159,68,Female,39,Morning,High,Low,Blue,Upright,Purse,Visible,Neutral,9,26,1.68
6,146,89,Female,43,Night,High,Medium,Blue,Bending,No Object,Visible,Neutral,4,51,1.99
18,189,57,Female,32,Evening,High,Low,Brown,Bending,No Object,Not Visible,Happy,3,15,1.74
22,172,78,Male,47,Morning,Medium,Medium,Black,Mixed,Bag,Partially Visible,Happy,8,59,2.27
22,156,64,Female,15,Morning,Medium,Medium,Red,Upright,No Object,Partially Visible,Happy,2,56,2.41
5,179,57,Female,47,Afternoon,Low,Low,Brown,Upright,No Object,Partially Visible,Happy,11,47,2.48
9,185,57,Female,50,Morning,High,Low,Blue,Upright,Purse,Visible,Happy,5,32,2.03
9,157,65,Male,54,Morning,Medium,Low,Red,Bending,Purse,Visible,Sad,6,37,2.12
14,179,61,Female,56,Evening,Medium,Medium,Black,Upright,Purse,Not Visible,Happy,8,54,2.15
7,180,55,Male,28,Morning,Medium,High,Yellow,Moving,No Object,Not Visible,Sad,10,52,1.75
22,167,61,Female,14,Afternoon,Medium,Medium,Black,Moving,Purse,Partially Visible,Happy,9,49,2.12
20,173,51,Female,43,Afternoon,High,High,Brown,Upright,No Object,Visible,Neutral,5,14,1.23
21,157,93,Male,16,Night,High,High,Blue,Upright,Bag,Not Visible,Happy,9,27,1.26
8,186,63,Female,25,Night,Very High,Low,Black,Upright,No Object,Visible,Happy,5,47,1.97
5,189,50,Female,45,Night,Low,Medium,Brown,Bending,No Object,Visible,Neutral,6,11,1.83
23,189,73,Female,40,Afternoon,Medium,Medium,Black,Bending,Purse,Visible,Neutral,8,42,2.08
10,178,89,Female,41,Evening,Low,Low,Blue,Moving,No Object,Visible,Neutral,7,24,2.18
18,146,62,Female,48,Evening,High,Medium,Purple,Bending,Purse,Partially Visible,Neutral,1,35,1.81
23,161,87,Male,19,Night,High,Medium,Red,Upright,No Object,Partially Visible,Neutral,1,55,2.06
5,165,75,Female,49,Evening,Medium,Medium,Purple,Upright,No Object,Visible,Neutral,2,52,2.31
5,188,81,Female,40,Night,High,Medium,Yellow,Upright,No Object,Visible,Happy,1,25,1.92
5,169,59,Male,32,Evening,Medium,Low,Red,Mixed,No Object,Partially Visible,Happy,9,44,2.34
8,169,46,Male,34,Night,Low,High,Blue,Moving,No Object,Visible,Neutral,3,5,1.77
6,151,62,Male,36,Evening,Medium,Low,Green,Moving,No Object,Visible,Sad,3,44,2.21
21,180,91,Female,38,Evening,Low,High,Purple,Moving,No Object,Visible,Happy,4,12,1.83
17,160,84,Male,28,Evening,Very High,Low,Black,Upright,Laptop,Not Visible,Neutral,2,55,2.03
24,149,84,Female,22,Afternoon,High,Medium,Blue,Moving,Purse,Not Visible,Neutral,10,21,1.24
21,189,88,Female,20,Evening,High,Medium,Purple,Moving,No Object,Visible,Sad,1,43,1.83
24,153,63,Male,28,Afternoon,Very High,Low,Red,Upright,No Object,Partially Visible,Happy,3,41,1.95
9,145,61,Female,24,Evening,High,Low,Yellow,Upright,No Object,Not Visible,Neutral,3,19,1.62
10,148,91,Female,36,Afternoon,Medium,Low,Yellow,Bending,No Object,Visible,Neutral,1,51,2.59
21,165,73,Female,55,Night,Low,Medium,Green,Moving,No Object,Not Visible,Neutral,3,15,1.76
9,149,59,Female,17,Evening,Medium,High,Red,Upright,No Object,Visible,Neutral,3,54,2.17
6,182,58,Male,26,Evening,Very High,Low,Purple,Moving,Bag,Partially Visible,Neutral,4,33,1.67
18,168,88,Male,14,Morning,Very High,Medium,Purple,Mixed,Purse,Partially Visible,Happy,2,30,1.55
21,159,47,Male,58,Night,High,High,Green,Mixed,No Object,Visible,Happy,11,17,1.33
24,145,48,Male,45,Night,Low,Medium,Blue,Upright,No Object,Partially Visible,Neutral,9,5,1.56
23,166,81,Female,23,Morning,Low,High,Blue,Upright,No Object,Partially Visible,Neutral,8,43,2.04
7,151,45,Male,31,Afternoon,Very High,Medium,Red,Bending,No Object,Visible,Neutral,7,45,1.7
20,189,53,Female,46,Evening,Low,Medium,Brown,Upright,Purse,Partially Visible,Neutral,8,51,2.29
21,158,94,Female,57,Night,Medium,Low,Black,Upright,No Object,Not Visible,Sad,11,58,2.1
18,166,66,Male,39,Evening,Medium,Low,Green,Moving,No Object,Not Visible,Neutral,2,21,1.95
21,145,81,Female,25,Afternoon,Medium,Medium,Brown,Upright,No Object,Partially Visible,Neutral,6,36,1.93
21,150,69,Male,45,Afternoon,High,High,Brown,Upright,Purse,Visible,Happy,3,55,2.06
13,154,49,Female,44,Night,Very High,Low,Red,Mixed,No Object,Visible,Neutral,5,36,1.68
5,147,54,Male,42,Night,High,High,Green,Upright,Bag,Visible,Happy,10,46,1.74
14,177,83,Male,14,Night,Medium,Low,Purple,Mixed,No Object,Not Visible,Neutral,7,44,2.11
9,187,49,Male,45,Afternoon,Medium,Medium,Yellow,Upright,No Object,Partially Visible,Neutral,7,59,2.17
7,189,74,Female,12,Afternoon,Very High,High,Yellow,Upright,No Object,Not Visible,Neutral,2,23,1.15
7,156,62,Male,55,Morning,Medium,High,Purple,Upright,Purse,Visible,Happy,9,15,1.5
18,180,63,Female,54,Night,Medium,Medium,Red,Upright,No Object,Not Visible,Neutral,8,55,2.0
15,167,92,Male,39,Night,High,Low,Blue,Upright,No Object,Not Visible,Happy,4,30,1.84
15,147,75,Male,43,Morning,Low,Low,Black,Moving,No Object,Partially Visible,Neutral,4,15,2.06
19,149,75,Female,15,Morning,Low,Low,Black,Mixed,No Object,Not Visible,Neutral,7,40,2.3
15,169,62,Female,53,Evening,Very High,High,Yellow,Upright,No Object,Visible,Neutral,9,51,1.4
17,164,64,Male,24,Afternoon,High,Low,Yellow,Upright,Purse,Visible,Happy,6,46,2.23
6,145,79,Male,24,Afternoon,Low,Medium,Brown,Bending,Purse,Visible,Neutral,10,23,2.01
22,186,46,Male,45,Afternoon,Medium,Low,Blue,Upright,Purse,Visible,Happy,3,55,2.69
13,177,56,Female,57,Evening,Very High,Medium,Brown,Upright,Bag,Visible,Neutral,8,7,0.94
8,167,75,Male,35,Night,High,Low,Yellow,Upright,No Object,Partially Visible,Sad,10,54,1.84
21,189,76,Male,36,Night,High,Medium,Yellow,Upright,Laptop,Visible,Happy,8,15,1.52
19,188,49,Female,38,Afternoon,Low,Medium,Brown,Bending,No Object,Visible,Neutral,4,17,1.94
6,188,84,Male,25,Night,Very High,High,Red,Upright,No Object,Visible,Happy,6,22,1.18
8,156,72,Male,40,Evening,Very High,High,Blue,Moving,Purse,Partially Visible,Neutral,6,28,1.05
5,184,56,Female,58,Morning,Medium,Medium,Yellow,Upright,No Object,Not Visible,Neutral,4,7,1.48
10,167,82,Male,30,Night,Medium,Low,Purple,Upright,No Object,Visible,Neutral,2,44,2.54
6,177,94,Male,49,Afternoon,High,High,Yellow,Bending,Purse,Partially Visible,Neutral,3,12,1.17
19,183,66,Male,49,Evening,High,High,Green,Upright,No Object,Not Visible,Sad,8,12,0.92
15,152,59,Female,52,Evening,High,High,Brown,Moving,No Object,Partially Visible,Sad,3,5,0.98
24,165,59,Female,46,Night,Very High,Medium,Blue,Bending,Purse,Partially Visible,Sad,9,57,1.47
19,150,74,Female,56,Night,High,Low,Brown,Moving,No Object,Partially Visible,Happy,9,7,1.53
17,157,47,Female,46,Night,Medium,High,Blue,Upright,No Object,Not Visible,Sad,5,46,1.84
15,163,69,Male,58,Evening,Medium,Low,Yellow,Upright,No Object,Visible,Neutral,5,39,2.29
6,183,46,Male,46,Afternoon,High,Low,Yellow,Upright,Bag,Partially Visible,Happy,11,50,2.06
6,183,46,Male,52,Afternoon,Medium,Low,Red,Bending,Bag,Visible,Neutral,1,29,2.24
17,162,66,Male,54,Night,Low,Medium,Purple,Bending,Purse,Visible,Happy,3,54,2.73
5,159,82,Female,59,Morning,High,Low,Yellow,Upright,No Object,Partially Visible,Neutral,8,30,1.73
5,168,89,Male,40,Evening,Medium,Medium,Green,Upright,No Object,Not Visible,Happy,10,14,1.55
9,186,49,Female,46,Evening,High,Medium,Black,Upright,No Object,Not Visible,Neutral,6,54,1.95
22,188,57,Female,58,Morning,Low,Medium,Red,Upright,Purse,Not Visible,Happy,8,28,2.01
14,155,66,Male,30,Evening,Medium,Low,Purple,Upright,Purse,Partially Visible,Happy,3,5,1.86
19,153,73,Female,17,Afternoon,Medium,High,Red,Bending,Purse,Partially Visible,Sad,11,40,1.54
13,176,94,Female,54,Afternoon,High,Medium,Purple,Mixed,No Object,Not Visible,Neutral,7,22,1.41
8,158,79,Male,42,Evening,High,Medium,Brown,Upright,Laptop,Visible,Neutral,9,50,2.0
12,153,71,Male,32,Morning,Medium,Medium,Purple,Upright,No Object,Visible,Neutral,2,13,1.84
6,146,48,Male,46,Morning,Medium,Low,Green,Upright,No Object,Visible,Sad,6,45,2.24
20,163,49,Female,13,Afternoon,Low,Medium,Purple,Upright,No Object,Partially Visible,Neutral,9,50,2.35
8,162,52,Female,34,Evening,High,Low,Green,Bending,Purse,Partially Visible,Happy,5,11,1.7
12,170,78,Male,24,Morning,Very High,High,Green,Upright,Laptop,Not Visible,Sad,11,37,1.04
24,154,61,Female,25,Afternoon,High,Low,Green,Mixed,No Object,Visible,Neutral,10,40,1.8
16,177,57,Male,58,Afternoon,Low,High,Purple,Moving,Bag,Not Visible,Happy,2,55,2.47
14,175,78,Male,38,Evening,High,Medium,Black,Upright,No Object,Partially Visible,Happy,10,21,1.33
15,165,85,Male,18,Afternoon,Medium,Low,Black,Mixed,No Object,Not Visible,Happy,5,31,2.15
20,153,66,Male,29,Morning,Low,Medium,Brown,Bending,No Object,Visible,Sad,7,27,2.0
10,167,89,Male,23,Evening,Low,Low,Black,Mixed,No Object,Partially Visible,Sad,5,25,2.08
17,175,81,Male,55,Night,Low,High,Black,Upright,Laptop,Partially Visible,Neutral,8,59,2.15
22,161,80,Male,25,Evening,Low,High,Green,Mixed,No Object,Partially Visible,Neutral,5,41,2.1
16,156,88,Female,29,Afternoon,High,Medium,Blue,Upright,No Object,Visible,Sad,6,13,1.31
13,167,54,Male,28,Afternoon,Medium,Medium,Purple,Upright,No Object,Visible,Neutral,7,52,2.22
7,160,82,Female,20,Morning,High,High,Black,Mixed,Purse,Visible,Neutral,3,10,1.25
9,163,92,Female,49,Morning,Very High,Medium,Purple,Upright,Bag,Visible,Sad,5,53,1.63
23,160,94,Female,39,Afternoon,Medium,Medium,Black,Upright,Laptop,Partially Visible,Happy,1,27,2.06
15,158,73,Male,32,Evening,Medium,Low,Brown,Upright,No Object,Partially Visible,Happy,1,42,2.43
11,177,82,Female,31,Afternoon,High,Low,Black,Upright,No Object,Partially Visible,Neutral,8,52,2.08
13,165,89,Male,44,Night,Low,Medium,Purple,Upright,No Object,Visible,Neutral,4,52,2.56
16,165,87,Male,16,Evening,Medium,Medium,Red,Upright,Bag,Visible,Happy,8,13,1.64
15,174,89,Female,56,Morning,Medium,High,Black,Bending,No Object,Partially Visible,Neutral,9,27,1.53
18,161,86,Male,39,Evening,High,Medium,Blue,Moving,Bag,Partially Visible,Neutral,8,9,1.24
10,149,64,Female,22,Evening,High,Medium,Purple,Upright,Laptop,Partially Visible,Neutral,5,40,1.85
17,183,81,Male,37,Morning,High,Medium,Black,Moving,Purse,Partially Visible,Sad,7,28,1.46
13,147,65,Female,52,Afternoon,High,High,Purple,Bending,Purse,Not Visible,Sad,9,59,1.51
23,170,85,Female,20,Night,Medium,Medium,Blue,Moving,No Object,Not Visible,Neutral,4,39,2.03
8,156,85,Female,37,Afternoon,High,High,Blue,Moving,No Object,Partially Visible,Neutral,5,29,1.36
7,154,91,Female,40,Afternoon,Very High,Low,Brown,Mixed,No Object,Visible,Neutral,3,13,1.44
14,146,74,Female,50,Morning,Medium,Medium,Blue,Upright,No Object,Visible,Happy,3,20,2.02
15,185,68,Male,39,Morning,Very High,High,Green,Bending,Purse,Partially Visible,Neutral,1,49,1.67
18,164,53,Male,47,Afternoon,Very High,High,Green,Mixed,No Object,Visible,Neutral,1,12,1.21
13,160,76,Male,49,Night,Medium,Low,Blue,Moving,Laptop,Visible,Sad,2,51,2.48
23,178,73,Female,54,Night,Low,Medium,Red,Upright,Laptop,Visible,Sad,9,38,2.07
14,146,70,Female,29,Evening,Low,Low,Brown,Bending,No Object,Not Visible,Happy,7,33,2.35
7,170,78,Female,45,Night,High,Low,Yellow,Moving,No Object,Visible,Sad,1,31,1.91
7,167,87,Female,23,Evening,Low,High,Green,Upright,No Object,Partially Visible,Neutral,9,6,1.42
24,169,52,Male,52,Evening,Medium,High,Blue,Bending,No Object,Not Visible,Happy,9,17,1.41
7,150,66,Female,57,Afternoon,High,Low,Blue,Moving,Purse,Partially Visible,Neutral,10,33,1.78
23,187,81,Female,26,Morning,Very High,High,Brown,Bending,Purse,Visible,Sad,11,31,1.02
10,155,85,Male,38,Afternoon,High,Medium,Yellow,Upright,Purse,Not Visible,Neutral,1,16,1.55
6,175,83,Male,51,Night,High,High,Black,Bending,No Object,Partially Visible,Neutral,6,49,1.64
11,178,84,Female,13,Evening,Medium,High,Black,Bending,Laptop,Visible,Neutral,9,29,1.62
17,160,87,Male,45,Night,Low,High,Brown,Upright,Purse,Partially Visible,Neutral,3,26,1.96
13,150,93,Female,51,Morning,High,High,Purple,Bending,Bag,Visible,Neutral,7,46,1.74
20,158,75,Female,53,Morning,Low,High,Purple,Upright,Laptop,Partially Visible,Neutral,1,13,1.8
17,181,57,Female,21,Afternoon,Medium,Medium,Blue,Moving,Purse,Not Visible,Sad,4,7,1.4
13,185,73,Female,48,Afternoon,Very High,Low,Black,Moving,No Object,Partially Visible,Neutral,11,22,1.29
17,187,80,Female,49,Night,Medium,Low,Purple,Moving,Laptop,Not Visible,Happy,8,5,1.56
24,155,50,Female,12,Afternoon,High,High,Brown,Bending,No Object,Visible,Neutral,3,25,1.54
13,172,82,Female,45,Evening,High,Low,Yellow,Upright,No Object,Not Visible,Neutral,11,12,1.32
8,151,72,Male,42,Evening,High,High,Purple,Moving,No Object,Partially Visible,Neutral,3,41,1.68
13,176,91,Female,58,Afternoon,Medium,Low,Red,Upright,No Object,Visible,Neutral,5,7,1.69
21,163,55,Female,14,Night,Medium,High,Brown,Bending,No Object,Not Visible,Happy,5,16,1.51
9,177,90,Female,58,Morning,Low,Medium,Black,Upright,No Object,Not Visible,Neutral,7,19,1.84
23,175,67,Male,39,Morning,High,High,Blue,Bending,Laptop,Visible,Sad,3,37,1.52
16,189,73,Male,25,Evening,Medium,High,Brown,Bending,Purse,Partially Visible,Neutral,3,27,1.75
17,166,78,Female,30,Evening,Medium,Medium,Red,Upright,Bag,Visible,Neutral,8,47,2.15
11,160,73,Male,48,Afternoon,High,Medium,Black,Upright,Laptop,Visible,Neutral,3,47,2.02
23,168,90,Male,59,Night,Low,Low,Green,Upright,No Object,Visible,Neutral,2,26,2.41
5,152,53,Female,27,Morning,Medium,High,Green,Upright,Purse,Visible,Neutral,2,6,1.51
10,150,81,Male,59,Afternoon,Low,High,Brown,Upright,Purse,Visible,Neutral,4,57,2.45
13,168,93,Female,42,Morning,Medium,Low,Purple,Moving,No Object,Visible,Neutral,1,24,2.1
14,182,56,Male,21,Morning,Low,Low,Purple,Moving,Bag,Not Visible,Neutral,1,34,2.38
14,168,57,Male,40,Evening,Low,Medium,Brown,Mixed,Bag,Visible,Neutral,8,56,2.5
7,180,68,Female,50,Evening,Very High,Low,Green,Upright,No Object,Not Visible,Neutral,6,40,1.66
9,153,81,Male,14,Evening,Very High,High,Purple,Upright,Laptop,Visible,Happy,2,36,1.6
6,165,92,Female,15,Night,High,Low,Purple,Upright,No Object,Visible,Neutral,3,23,1.91
16,172,84,Female,12,Morning,High,High,Yellow,Bending,Bag,Partially Visible,Neutral,8,50,1.58
12,160,84,Male,39,Evening,High,High,Purple,Moving,Purse,Visible,Happy,9,15,1.28
16,145,67,Female,14,Morning,Very High,High,Yellow,Moving,No Object,Visible,Happy,10,31,1.36
16,148,77,Male,56,Night,Medium,Medium,Yellow,Upright,Laptop,Not Visible,Neutral,3,24,1.72
19,186,55,Female,18,Evening,Low,Low,Yellow,Bending,Purse,Visible,Neutral,10,10,1.89
15,172,68,Male,15,Night,High,High,Brown,Mixed,No Object,Visible,Neutral,5,20,1.36
17,156,54,Male,24,Evening,Very High,Medium,Brown,Upright,Purse,Partially Visible,Neutral,4,15,1.28
16,156,46,Male,48,Afternoon,Medium,High,Green,Moving,Purse,Visible,Sad,7,9,1.24
18,146,87,Female,55,Evening,Medium,Low,Purple,Moving,No Object,Partially Visible,Happy,2,46,2.53
17,187,85,Male,24,Night,Medium,Low,Brown,Upright,Purse,Visible,Neutral,6,44,2.33
11,149,70,Female,36,Morning,Medium,High,Brown,Mixed,No Object,Visible,Neutral,5,52,2.0
9,179,45,Male,49,Night,High,High,Yellow,Moving,No Object,Visible,Neutral,7,6,1.1
20,155,49,Male,50,Evening,Medium,Low,Red,Moving,Purse,Visible,Sad,2,30,2.07
11,160,50,Female,19,Morning,Very High,Medium,Purple,Upright,No Object,Partially Visible,Sad,1,41,1.57
15,157,80,Male,52,Night,High,Low,Brown,Upright,No Object,Not Visible,Happy,5,32,1.96
8,182,55,Male,53,Morning,Low,Medium,Purple,Bending,Bag,Partially Visible,Happy,11,6,1.68
13,146,57,Female,47,Evening,High,Low,Red,Upright,Laptop,Visible,Sad,7,29,1.67
15,160,88,Female,37,Morning,High,Low,Blue,Upright,Purse,Not Visible,Happy,7,11,1.62
17,157,88,Male,30,Morning,Medium,Low,Purple,Upright,Purse,Partially Visible,Sad,8,6,1.44
15,157,83,Female,54,Evening,Medium,Low,Brown,Upright,Laptop,Visible,Happy,6,45,2.38
12,153,60,Female,53,Evening,High,Medium,Brown,Moving,Laptop,Visible,Neutral,3,10,1.53
24,186,73,Male,36,Evening,Medium,Low,Green,Bending,No Object,Visible,Happy,11,21,1.93
15,162,55,Female,47,Afternoon,Low,Medium,Black,Upright,No Object,Visible,Neutral,3,59,2.71
21,163,87,Female,31,Night,Medium,Medium,Black,Bending,No Object,Visible,Happy,8,57,2.5
19,162,49,Female,47,Morning,Medium,Medium,Blue,Upright,No Object,Visible,Neutral,10,7,1.38
16,189,82,Male,16,Night,High,Medium,Black,Upright,No Object,Not Visible,Sad,8,27,1.28
22,160,70,Male,55,Afternoon,Low,Low,Black,Upright,Purse,Visible,Happy,11,24,2.17
7,160,82,Female,36,Evening,High,Low,Green,Upright,Purse,Visible,Neutral,2,39,2.12
23,159,67,Female,40,Night,Medium,High,Green,Upright,Bag,Not Visible,Happy,8,42,1.79
22,159,52,Male,21,Afternoon,High,High,Yellow,Bending,No Object,Partially Visible,Neutral,2,9,1.16
15,149,82,Male,37,Afternoon,Medium,High,Brown,Upright,No Object,Visible,Happy,7,28,1.84
19,172,76,Female,12,Night,Very High,High,Black,Bending,No Object,Visible,Neutral,3,20,1.18
15,146,68,Female,54,Night,Very High,Medium,Brown,Upright,No Object,Partially Visible,Neutral,8,59,1.65
10,155,63,Male,47,Morning,Low,High,Blue,Moving,No Object,Visible,Sad,4,21,1.74
20,154,62,Male,33,Evening,High,Medium,Black,Bending,Bag,Partially Visible,Sad,2,6,1.24
9,158,69,Female,52,Afternoon,Low,High,Black,Upright,No Object,Not Visible,Happy,10,39,1.88
11,179,58,Female,50,Evening,High,High,Blue,Bending,Purse,Partially Visible,Happy,10,53,1.77
15,171,59,Female,17,Afternoon,High,High,Blue,Moving,No Object,Not Visible,Happy,2,50,1.94
21,189,58,Female,14,Morning,Medium,Medium,Black,Upright,Purse,Partially Visible,Neutral,3,12,1.69
12,160,45,Female,24,Night,Low,Low,Purple,Bending,Laptop,Partially Visible,Happy,1,45,2.73
14,186,91,Male,12,Evening,Medium,Low,Black,Moving,Bag,Visible,Sad,8,16,1.72
5,147,56,Male,39,Afternoon,High,Low,Purple,Upright,No Object,Visible,Sad,10,12,1.28
7,167,53,Male,37,Morning,High,High,Yellow,Mixed,Bag,Visible,Happy,3,34,1.77
6,180,52,Male,37,Morning,Low,Medium,Yellow,Upright,No Object,Partially Visible,Happy,5,49,2.51
6,168,94,Female,15,Afternoon,Medium,Low,Purple,Moving,Laptop,Visible,Neutral,8,52,2.32
22,186,68,Female,56,Evening,Medium,Medium,Green,Moving,No Object,Partially Visible,Neutral,5,39,2.04
21,159,61,Male,58,Afternoon,Medium,Low,Yellow,Mixed,Purse,Visible,Neutral,9,27,1.87
21,146,65,Male,40,Evening,Low,Medium,Blue,Bending,Purse,Partially Visible,Happy,9,37,2.17
6,179,49,Male,12,Afternoon,Medium,Low,Green,Moving,Laptop,Visible,Sad,9,21,1.7
6,148,60,Male,31,Morning,Very High,Medium,Black,Upright,Laptop,Not Visible,Neutral,8,12,0.9
10,179,57,Male,46,Evening,Medium,Medium,Red,Upright,No Object,Visible,Happy,5,27,2.09
16,178,85,Male,47,Morning,High,Medium,Yellow,Moving,Laptop,Partially Visible,Happy,5,14,1.54
11,182,47,Female,23,Morning,Medium,High,Purple,Upright,No Object,Partially Visible,Neutral,7,10,1.34
14,166,66,Male,51,Morning,Medium,Low,Red,Moving,No Object,Visible,Happy,2,46,2.58
8,185,84,Female,58,Afternoon,High,Medium,Purple,Upright,No Object,Not Visible,Sad,7,51,1.67
19,152,86,Male,36,Evening,Medium,Low,Red,Upright,No Object,Not Visible,Neutral,1,46,2.4
11,164,70,Male,30,Night,Low,Medium,Red,Upright,No Object,Partially Visible,Sad,8,55,2.19
6,150,56,Female,37,Morning,Very High,Medium,Yellow,Bending,Purse,Not Visible,Neutral,7,31,1.28
19,179,61,Female,13,Morning,Very High,Medium,Brown,Upright,No Object,Visible,Sad,6,42,1.45
23,177,56,Male,37,Morning,High,High,Purple,Upright,Purse,Not Visible,Neutral,4,16,1.21
5,181,78,Male,13,Afternoon,Low,Low,Green,Mixed,No Object,Not Visible,Neutral,6,29,2.2
13,179,59,Male,13,Morning,Low,High,Brown,Moving,Purse,Partially Visible,Happy,7,10,1.74
21,158,76,Male,38,Afternoon,Low,Low,Blue,Moving,No Object,Not Visible,Neutral,8,38,2.33
19,148,77,Female,36,Night,Very High,Medium,Brown,Upright,No Object,Partially Visible,Neutral,11,28,1.09
22,186,91,Male,59,Afternoon,High,High,Purple,Upright,Purse,Partially Visible,Neutral,2,35,1.66
13,167,63,Male,36,Evening,Medium,Medium,Brown,Bending,Bag,Partially Visible,Neutral,1,51,2.3
12,149,93,Male,59,Evening,Very High,High,Purple,Upright,Bag,Visible,Happy,8,7,0.93
19,186,65,Male,50,Morning,Low,High,Green,Upright,No Object,Partially Visible,Neutral,2,29,2.12
8,189,79,Male,28,Morning,Medium,Low,Purple,Mixed,Bag,Visible,Happy,2,26,2.32
9,165,78,Male,56,Afternoon,Low,High,Black,Upright,Purse,Partially Visible,Neutral,4,45,2.17
17,179,85,Female,35,Afternoon,Medium,High,Blue,Mixed,Bag,Partially Visible,Neutral,8,41,1.81
18,146,68,Male,40,Morning,Very High,Medium,Green,Upright,No Object,Visible,Sad,1,44,1.66
7,149,84,Male,16,Evening,Very High,Low,Black,Upright,No Object,Visible,Neutral,5,51,1.92
15,157,62,Female,22,Afternoon,Low,Low,Red,Upright,No Object,Visible,Sad,2,21,2.18
12,174,69,Female,37,Afternoon,Low,High,Purple,Mixed,Laptop,Partially Visible,Sad,10,24,1.6
15,151,69,Male,25,Evening,Medium,High,Blue,Bending,No Object,Visible,Happy,9,24,1.65
24,146,80,Male,40,Night,Low,High,Brown,Moving,No Object,Visible,Neutral,1,50,2.45
6,175,75,Female,15,Night,Medium,Low,Purple,Upright,Purse,Visible,Happy,4,30,2.32
24,179,48,Male,24,Night,Medium,Low,Black,Moving,Bag,Visible,Sad,6,46,2.23
13,178,85,Female,43,Afternoon,Medium,Medium,Brown,Bending,Purse,Visible,Neutral,6,18,1.84
20,180,82,Male,41,Morning,Medium,Low,Black,Bending,Purse,Visible,Happy,2,56,2.73
13,181,50,Male,59,Morning,Low,Low,Yellow,Moving,No Object,Partially Visible,Happy,6,31,2.47
11,172,93,Female,55,Afternoon,Very High,Low,Red,Moving,Bag,Partially Visible,Neutral,10,59,1.88
20,168,78,Male,50,Afternoon,Medium,Low,Green,Bending,No Object,Not Visible,Happy,3,29,2.21
18,183,49,Female,12,Morning,Medium,Low,Brown,Upright,No Object,Visible,Neutral,2,7,1.97
7,160,69,Female,40,Morning,Medium,High,Red,Moving,No Object,Visible,Sad,5,19,1.4
19,149,86,Male,22,Morning,High,Low,Purple,Upright,No Object,Visible,Happy,6,29,1.97
20,178,58,Male,24,Evening,Low,Medium,Brown,Mixed,Purse,Partially Visible,Neutral,4,12,1.87
12,157,91,Male,22,Afternoon,Low,Medium,Red,Upright,Purse,Visible,Neutral,2,47,2.55
23,189,65,Female,33,Morning,High,High,Red,Upright,No Object,Visible,Neutral,1,24,1.53
17,163,56,Male,17,Evening,High,High,Blue,Upright,No Object,Partially Visible,Happy,9,50,1.71
11,183,62,Female,37,Night,Medium,Medium,Brown,Bending,No Object,Visible,Happy,2,58,2.53
5,146,71,Female,19,Afternoon,Medium,Medium,Black,Upright,No Object,Partially Visible,Sad,4,9,1.47
18,174,79,Female,36,Afternoon,Very High,Medium,Black,Moving,Bag,Partially Visible,Neutral,9,20,1.15
9,165,91,Male,42,Afternoon,Low,Medium,Black,Bending,Purse,Not Visible,Neutral,7,38,2.08
20,165,54,Male,20,Afternoon,Low,Medium,Black,Upright,No Object,Visible,Sad,1,52,2.51
15,156,93,Female,16,Afternoon,Medium,Medium,Green,Bending,No Object,Visible,Happy,2,54,2.49
14,188,71,Female,50,Night,Medium,Medium,Red,Moving,Laptop,Partially Visible,Happy,6,15,1.69
8,162,51,Male,47,Night,High,Low,Red,Moving,Laptop,Visible,Happy,4,17,1.82
19,183,91,Female,24,Afternoon,High,Low,Brown,Upright,Bag,Visible,Neutral,11,15,1.49
8,164,62,Male,54,Night,Medium,Low,Yellow,Mixed,No Object,Visible,Neutral,2,24,2.19
13,147,76,Female,22,Night,High,Medium,Blue,Upright,Purse,Visible,Neutral,1,38,1.88
21,184,79,Female,56,Morning,Medium,Medium,Blue,Bending,No Object,Visible,Happy,7,26,1.95
23,153,45,Male,17,Afternoon,High,Medium,Green,Moving,Purse,Partially Visible,Neutral,11,44,1.71
24,157,56,Male,43,Evening,Low,Low,Brown,Upright,No Object,Not Visible,Sad,1,26,2.1
24,183,79,Male,12,Afternoon,Medium,Low,Brown,Upright,Purse,Visible,Neutral,10,37,2.15
16,185,61,Male,21,Afternoon,High,Low,Black,Bending,No Object,Partially Visible,Happy,11,35,1.79
9,186,45,Male,31,Afternoon,Medium,Medium,Red,Upright,Purse,Not Visible,Neutral,5,18,1.65
21,164,46,Female,16,Evening,Low,Low,Black,Upright,No Object,Visible,Happy,5,8,2.16
21,179,86,Male,33,Afternoon,Medium,Low,Yellow,Upright,Laptop,Partially Visible,Happy,11,17,1.82
24,159,52,Male,23,Evening,High,Low,Brown,Moving,No Object,Visible,Neutral,7,47,2.16
18,178,50,Male,16,Morning,Low,Medium,Yellow,Upright,Purse,Not Visible,Neutral,7,46,2.21
7,167,73,Male,58,Night,High,Low,Brown,Upright,No Object,Visible,Neutral,4,11,1.67
15,147,50,Female,59,Morning,High,Medium,Purple,Mixed,Purse,Visible,Happy,11,26,1.59
13,163,77,Male,58,Morning,High,Medium,Brown,Moving,Purse,Not Visible,Happy,3,49,1.97
21,166,72,Female,19,Morning,Low,High,Black,Bending,No Object,Partially Visible,Neutral,5,49,2.22
12,156,77,Male,30,Afternoon,High,Medium,Black,Bending,No Object,Visible,Neutral,10,5,1.16
11,161,69,Female,27,Evening,Low,Low,Blue,Upright,No Object,Partially Visible,Neutral,6,48,2.47
6,167,83,Female,27,Night,Very High,Low,Black,Upright,No Object,Not Visible,Neutral,9,48,1.64
21,147,77,Male,31,Afternoon,High,High,Blue,Upright,Purse,Visible,Happy,11,11,1.21
20,151,65,Male,36,Morning,Low,Low,Black,Upright,No Object,Visible,Neutral,8,24,2.24
5,179,45,Female,35,Afternoon,High,High,Blue,Upright,No Object,Visible,Sad,2,7,1.22
13,160,58,Female,26,Morning,Medium,Medium,Black,Bending,No Object,Not Visible,Happy,9,41,2.0
14,172,51,Male,59,Afternoon,Medium,Low,Purple,Upright,No Object,Visible,Neutral,7,52,2.37
14,170,45,Female,59,Evening,Medium,Low,Black,Upright,No Object,Visible,Happy,2,14,2.08
23,169,58,Female,27,Morning,High,High,Yellow,Moving,Purse,Visible,Neutral,2,24,1.56
8,163,55,Female,22,Night,High,High,Black,Upright,No Object,Visible,Neutral,11,34,1.42
11,166,48,Male,37,Morning,Very High,High,Purple,Moving,Bag,Partially Visible,Neutral,2,8,0.95
8,182,60,Female,29,Evening,Medium,Low,Blue,Upright,Purse,Visible,Happy,6,21,2.04
9,188,70,Female,59,Night,High,High,Yellow,Bending,No Object,Visible,Neutral,11,16,1.1
23,156,53,Female,32,Night,High,Low,Yellow,Upright,Laptop,Visible,Happy,10,5,1.5
23,175,58,Male,13,Evening,High,Low,Purple,Upright,Purse,Visible,Neutral,10,41,1.8
5,188,46,Female,18,Evening,Medium,Medium,Red,Moving,Purse,Visible,Neutral,9,44,1.92
17,145,47,Male,15,Morning,Medium,High,Purple,Upright,No Object,Visible,Happy,6,9,1.58
9,180,52,Male,30,Morning,High,Medium,Purple,Upright,Purse,Partially Visible,Neutral,4,12,1.35
8,167,67,Male,27,Afternoon,Medium,Medium,Green,Upright,No Object,Visible,Neutral,10,8,1.49
10,188,78,Male,53,Evening,Low,Low,Brown,Bending,Purse,Visible,Sad,7,56,2.67
8,171,84,Female,54,Evening,Medium,Medium,Brown,Upright,No Object,Partially Visible,Happy,5,36,2.03
14,182,76,Female,18,Night,Medium,Low,Red,Bending,No Object,Partially Visible,Neutral,11,34,1.85
24,152,75,Male,57,Afternoon,Low,High,Black,Bending,Purse,Partially Visible,Happy,5,9,1.73
16,151,91,Male,40,Night,Low,Low,Brown,Bending,No Object,Not Visible,Happy,1,5,2.05
19,186,57,Male,26,Afternoon,High,Medium,Blue,Moving,No Object,Visible,Happy,7,56,2.15
14,168,84,Female,31,Morning,Very High,Low,Green,Upright,Laptop,Visible,Neutral,5,56,2.05
5,170,91,Male,33,Evening,Medium,Medium,Brown,Moving,No Object,Visible,Happy,7,34,2.09
6,152,73,Male,20,Morning,Low,Low,Purple,Upright,No Object,Visible,Sad,7,12,1.93
10,155,87,Female,53,Afternoon,High,Medium,Red,Upright,No Object,Not Visible,Neutral,7,6,1.17
9,181,51,Female,12,Night,Medium,Medium,Purple,Bending,Bag,Partially Visible,Sad,4,50,2.11
21,158,88,Male,15,Night,Very High,Medium,Yellow,Bending,Purse,Partially Visible,Happy,3,34,1.6
21,171,73,Male,25,Afternoon,Medium,High,Yellow,Upright,Purse,Not Visible,Neutral,4,23,1.57
22,159,56,Male,18,Morning,Low,Low,Red,Mixed,Laptop,Not Visible,Neutral,11,5,1.59
17,156,48,Female,14,Morning,Medium,Medium,Black,Mixed,Purse,Visible,Neutral,9,36,1.97
16,152,80,Female,30,Morning,Medium,High,Green,Upright,Laptop,Not Visible,Neutral,5,53,1.96
17,186,66,Male,30,Night,High,Low,Purple,Bending,Purse,Visible,Sad,11,50,1.82
13,187,60,Male,18,Night,Low,High,Yellow,Moving,Laptop,Visible,Neutral,9,45,2.1
18,150,64,Male,50,Evening,Very High,High,Brown,Mixed,Purse,Partially Visible,Sad,6,7,0.75
20,160,94,Male,54,Evening,High,High,Red,Bending,No Object,Not Visible,Happy,9,46,1.56
20,170,66,Female,46,Afternoon,Very High,Medium,Purple,Upright,No Object,Partially Visible,Neutral,11,42,1.39
17,162,48,Male,37,Morning,Very High,Medium,Black,Bending,No Object,Visible,Neutral,7,51,1.75
6,177,58,Female,57,Morning,Low,Medium,Blue,Upright,Purse,Not Visible,Neutral,2,13,1.88
19,156,52,Male,28,Evening,Medium,Medium,Purple,Bending,Bag,Visible,Neutral,5,52,2.24
12,147,79,Female,32,Morning,High,High,Purple,Bending,Purse,Partially Visible,Neutral,3,44,1.71
19,160,85,Male,12,Morning,Medium,Low,Black,Bending,Purse,Visible,Sad,8,47,2.1
15,171,87,Female,45,Night,Low,High,Brown,Upright,Purse,Visible,Happy,1,13,1.98
22,153,76,Male,16,Evening,Medium,Medium,Brown,Upright,Bag,Visible,Happy,6,52,2.31
11,181,83,Male,43,Afternoon,Low,Low,Green,Bending,Purse,Not Visible,Happy,5,6,1.98
23,145,65,Male,49,Morning,Very High,Medium,Yellow,Upright,No Object,Not Visible,Happy,5,17,1.15
21,148,76,Female,22,Morning,Medium,High,Purple,Upright,No Object,Visible,Neutral,7,13,1.46
11,167,50,Male,41,Afternoon,High,Medium,Purple,Upright,No Object,Visible,Neutral,7,17,1.5
14,168,71,Male,26,Afternoon,Very High,High,Brown,Moving,No Object,Visible,Neutral,3,39,1.52
15,158,72,Female,31,Evening,Medium,Low,Green,Upright,No Object,Partially Visible,Sad,9,55,2.12
20,156,46,Female,37,Morning,High,High,Purple,Bending,No Object,Partially Visible,Sad,5,59,1.72
18,148,72,Female,23,Morning,Low,Medium,Purple,Bending,No Object,Partially Visible,Neutral,2,10,1.95
22,174,81,Male,50,Morning,Low,High,Red,Moving,No Object,Visible,Neutral,8,58,2.39
12,162,63,Male,30,Afternoon,Low,Low,Green,Bending,Bag,Visible,Happy,5,10,2.17
15,150,72,Male,34,Afternoon,Medium,Medium,Black,Upright,No Object,Not Visible,Neutral,8,46,1.92
13,162,59,Male,51,Morning,Medium,High,Brown,Upright,Laptop,Partially Visible,Neutral,9,15,1.35
23,187,58,Female,22,Evening,Medium,Low,Brown,Upright,No Object,Visible,Happy,7,50,2.4
11,156,51,Female,33,Afternoon,Low,Medium,Black,Moving,Bag,Visible,Neutral,11,24,1.96
16,185,61,Female,59,Morning,Low,High,Red,Bending,Purse,Visible,Neutral,7,53,2.36
7,156,85,Female,31,Evening,High,Medium,Blue,Moving,Bag,Visible,Happy,5,34,1.86
22,153,91,Male,17,Afternoon,Low,High,Yellow,Moving,Purse,Visible,Neutral,11,34,1.83
12,156,76,Female,25,Afternoon,High,Medium,Brown,Moving,Purse,Partially Visible,Neutral,6,29,1.65
11,159,76,Female,57,Afternoon,Very High,High,Brown,Mixed,No Object,Visible,Neutral,8,17,1.0
16,150,75,Female,48,Morning,High,Medium,Black,Bending,No Object,Visible,Happy,4,33,1.93
14,171,68,Female,50,Afternoon,Medium,Medium,Blue,Upright,Purse,Partially Visible,Happy,10,41,1.94
21,160,66,Male,24,Evening,High,High,Green,Upright,No Object,Visible,Neutral,11,12,1.0
15,177,76,Male,52,Morning,High,Medium,Brown,Bending,No Object,Visible,Neutral,11,12,1.27
15,167,84,Male,30,Evening,Very High,Low,Black,Moving,Laptop,Not Visible,Happy,5,28,1.61
7,164,65,Female,50,Morning,Very High,Low,Red,Bending,No Object,Visible,Sad,10,50,1.6
5,166,73,Male,54,Evening,Medium,Medium,Green,Upright,Purse,Partially Visible,Sad,8,24,1.56
12,152,68,Male,21,Morning,High,High,Yellow,Moving,No Object,Visible,Neutral,2,27,1.49
24,177,59,Male,57,Morning,High,Medium,Brown,Upright,No Object,Visible,Sad,11,57,1.77
23,149,59,Male,42,Afternoon,Low,High,Purple,Upright,No Object,Visible,Neutral,6,19,1.81
17,177,48,Female,47,Evening,Medium,High,Black,Moving,No Object,Partially Visible,Happy,6,25,1.73
17,189,66,Female,48,Evening,High,Low,Black,Bending,Laptop,Visible,Neutral,5,51,2.09
12,179,80,Female,20,Afternoon,High,Medium,Purple,Upright,Laptop,Partially Visible,Neutral,10,33,1.58
8,165,79,Male,47,Morning,Medium,Medium,Black,Upright,No Object,Visible,Neutral,2,11,1.75
5,159,94,Male,22,Afternoon,Medium,Low,Red,Bending,No Object,Partially Visible,Sad,5,16,1.78
11,184,46,Male,25,Night,Low,Medium,Green,Upright,Laptop,Visible,Neutral,7,58,2.59
11,156,83,Female,17,Morning,Medium,Medium,Brown,Upright,No Object,Visible,Happy,3,49,2.46
8,166,84,Female,20,Evening,Very High,High,Green,Bending,No Object,Partially Visible,Happy,3,57,1.88
10,179,66,Male,58,Afternoon,Very High,Medium,Green,Bending,No Object,Visible,Sad,7,31,1.25
5,186,59,Male,27,Morning,Medium,Low,Purple,Upright,Purse,Visible,Happy,7,38,2.32
17,186,62,Male,30,Evening,Medium,Medium,Black,Bending,No Object,Partially Visible,Sad,9,12,1.31
23,148,79,Female,35,Morning,High,High,Green,Bending,No Object,Partially Visible,Happy,9,44,1.64
18,185,88,Male,46,Afternoon,High,Medium,Red,Upright,Bag,Partially Visible,Neutral,1,36,1.87
13,150,77,Female,39,Morning,Medium,Low,Green,Upright,Bag,Visible,Happy,5,7,1.96
13,171,70,Male,37,Evening,Medium,High,Yellow,Upright,Purse,Visible,Happy,10,51,2.04
11,186,77,Male,52,Morning,Low,Low,Green,Upright,Purse,Visible,Happy,11,29,2.24
7,174,48,Female,35,Morning,High,Low,Black,Moving,Bag,Visible,Happy,2,59,2.53
16,187,75,Female,48,Evening,High,Medium,Brown,Upright,Purse,Visible,Happy,9,53,2.0
16,160,47,Female,55,Night,Medium,Medium,Purple,Mixed,Purse,Visible,Happy,3,28,2.07
5,159,92,Male,44,Morning,Very High,High,Yellow,Upright,No Object,Visible,Neutral,9,5,0.81
13,159,89,Male,13,Afternoon,High,Low,Green,Bending,No Object,Partially Visible,Neutral,5,13,1.57
10,160,70,Female,24,Night,Very High,High,Blue,Bending,Laptop,Visible,Happy,2,20,1.37
8,175,63,Female,41,Afternoon,Medium,Medium,Brown,Moving,Purse,Visible,Neutral,3,21,1.86
19,165,81,Male,34,Afternoon,Medium,High,Blue,Moving,No Object,Visible,Neutral,11,24,1.55
15,178,76,Female,25,Night,Very High,High,Green,Bending,Purse,Visible,Sad,9,57,1.44
17,163,80,Female,28,Evening,Very High,High,Red,Upright,Laptop,Partially Visible,Neutral,1,42,1.48
19,158,70,Female,15,Afternoon,Very High,Low,Yellow,Mixed,No Object,Visible,Neutral,11,15,1.17
24,153,56,Male,23,Night,High,Low,Blue,Mixed,Purse,Visible,Sad,10,43,1.7
21,169,48,Female,49,Evening,Medium,High,Green,Mixed,No Object,Not Visible,Sad,6,8,1.05
17,185,59,Female,12,Evening,Low,Medium,Green,Upright,Purse,Visible,Sad,1,8,1.88
22,183,71,Male,52,Afternoon,Medium,Medium,Red,Upright,Bag,Visible,Neutral,5,40,2.05
14,156,66,Male,28,Night,Very High,High,Yellow,Upright,Laptop,Partially Visible,Neutral,2,16,0.99
24,166,70,Female,50,Night,Medium,High,Brown,Moving,Laptop,Partially Visible,Sad,5,29,1.53
20,176,58,Male,24,Night,High,Medium,Black,Upright,Purse,Not Visible,Neutral,4,50,1.88
18,172,91,Male,51,Evening,Very High,High,Blue,Upright,No Object,Not Visible,Happy,8,26,1.1
23,148,63,Male,39,Afternoon,Very High,Low,Red,Bending,Purse,Partially Visible,Sad,9,15,1.08
15,171,87,Female,52,Morning,Very High,High,Red,Upright,No Object,Visible,Sad,2,59,1.67
19,146,64,Female,14,Morning,Medium,High,Brown,Moving,Purse,Visible,Happy,10,20,1.56
10,150,67,Female,50,Night,Medium,Low,Yellow,Upright,Purse,Visible,Happy,8,41,2.36
24,174,75,Female,24,Afternoon,Very High,Low,Yellow,Moving,Purse,Partially Visible,Sad,8,13,1.08
17,149,58,Female,29,Morning,Low,High,Yellow,Upright,No Object,Not Visible,Neutral,9,13,1.48
20,160,55,Male,14,Morning,Low,Medium,Green,Bending,No Object,Visible,Neutral,9,46,2.37
14,171,63,Male,57,Morning,Very High,Low,Red,Bending,No Object,Not Visible,Happy,9,54,1.87
22,174,85,Male,42,Evening,High,Low,Blue,Upright,No Object,Partially Visible,Happy,4,6,1.58
6,165,52,Male,59,Evening,Medium,Low,Yellow,Upright,No Object,Visible,Neutral,8,58,2.44
7,149,66,Male,39,Afternoon,Low,Low,Yellow,Moving,No Object,Not Visible,Sad,11,21,1.77
15,180,78,Female,19,Evening,Medium,High,Black,Bending,Bag,Partially Visible,Neutral,9,59,1.9
19,187,80,Male,28,Afternoon,Very High,Medium,Red,Upright,No Object,Visible,Happy,5,34,1.68
21,184,66,Male,33,Night,High,Medium,Yellow,Moving,Laptop,Visible,Happy,7,47,1.98
13,178,49,Female,19,Night,Medium,Low,Yellow,Upright,No Object,Visible,Happy,11,5,1.74
17,163,45,Male,56,Morning,Medium,Medium,Blue,Upright,Laptop,Visible,Sad,8,13,1.49
16,184,68,Female,57,Afternoon,Very High,Low,Yellow,Upright,Purse,Partially Visible,Neutral,9,57,1.9
24,166,85,Female,39,Night,Very High,High,Brown,Upright,Bag,Not Visible,Sad,10,14,0.63
18,151,46,Female,40,Evening,Medium,High,Purple,Upright,Laptop,Partially Visible,Sad,5,52,1.95
13,183,89,Female,45,Night,High,Medium,Brown,Upright,Purse,Not Visible,Neutral,4,11,1.26
24,159,78,Male,44,Afternoon,Medium,High,Red,Upright,No Object,Not Visible,Happy,4,40,1.85
7,187,45,Female,15,Morning,Medium,Low,Brown,Upright,Purse,Visible,Sad,5,25,1.94
24,161,62,Male,37,Night,Low,Low,Red,Bending,No Object,Partially Visible,Happy,8,29,2.22
8,184,56,Female,49,Night,Medium,High,Blue,Bending,Laptop,Partially Visible,Sad,6,44,1.73
10,169,92,Female,50,Evening,Medium,Low,Purple,Upright,Laptop,Visible,Neutral,11,13,1.64
21,166,72,Female,40,Afternoon,Medium,High,Purple,Upright,No Object,Visible,Neutral,8,23,1.53
19,158,61,Male,55,Morning,Medium,Low,Black,Bending,Purse,Partially Visible,Neutral,8,35,2.06
24,182,58,Female,40,Evening,Low,High,Green,Bending,No Object,Not Visible,Neutral,11,24,1.62
19,147,73,Female,30,Evening,Low,Low,Green,Moving,Purse,Not Visible,Neutral,10,18,1.88
17,166,45,Female,33,Evening,High,Low,Blue,Upright,Purse,Visible,Neutral,1,7,1.67
11,161,57,Male,45,Morning,Low,Medium,Brown,Upright,Purse,Partially Visible,Happy,11,40,2.18
5,169,53,Female,54,Evening,Low,High,Green,Upright,Laptop,Visible,Neutral,10,8,1.66
7,156,76,Male,23,Evening,Very High,Medium,Red,Bending,No Object,Not Visible,Neutral,4,13,1.08
10,174,78,Male,26,Night,Medium,Medium,Brown,Upright,Purse,Partially Visible,Sad,3,18,1.6
5,162,68,Female,43,Evening,Very High,Low,Brown,Upright,Purse,Not Visible,Sad,6,44,1.57
15,153,52,Male,48,Evening,High,Low,Brown,Upright,No Object,Not Visible,Neutral,11,11,1.32
20,153,63,Male,31,Afternoon,High,Low,Purple,Bending,No Object,Visible,Sad,7,22,1.54
24,176,87,Female,42,Evening,Medium,High,Brown,Upright,No Object,Not Visible,Neutral,7,9,1.16
14,156,55,Female,12,Evening,Low,Low,Brown,Bending,Purse,Partially Visible,Happy,3,32,2.45
22,158,53,Male,26,Night,High,Low,Blue,Upright,Laptop,Visible,Happy,10,14,1.58
24,173,50,Male,57,Night,High,Medium,Black,Upright,No Object,Visible,Sad,9,13,1.2
22,159,85,Male,39,Morning,Medium,Medium,Black,Upright,No Object,Partially Visible,Neutral,1,22,1.79
14,162,50,Male,53,Night,High,Medium,Purple,Mixed,No Object,Visible,Sad,3,19,1.45
11,156,74,Female,22,Night,Medium,Low,Black,Upright,No Object,Visible,Neutral,10,7,1.62
24,160,94,Male,25,Evening,Very High,Medium,Brown,Upright,No Object,Partially Visible,Happy,8,29,1.4
9,176,77,Female,58,Evening,High,Medium,Black,Moving,Purse,Visible,Neutral,5,32,1.76
13,169,65,Male,59,Evening,Low,Low,Red,Upright,No Object,Visible,Neutral,6,30,2.37
6,189,55,Female,54,Afternoon,Very High,Medium,Purple,Upright,Laptop,Partially Visible,Neutral,2,29,1.53
20,179,45,Female,27,Afternoon,Very High,Low,Brown,Upright,No Object,Visible,Sad,10,59,1.85
17,145,52,Female,50,Night,High,High,Blue,Bending,Purse,Partially Visible,Neutral,7,20,1.24
6,162,92,Male,34,Night,Low,High,Red,Upright,No Object,Visible,Neutral,6,23,1.84
9,158,52,Male,52,Morning,High,Low,Purple,Moving,No Object,Not Visible,Neutral,7,33,1.67
16,171,45,Female,52,Night,High,Medium,Green,Moving,No Object,Visible,Neutral,7,9,1.25
15,156,85,Male,32,Afternoon,Medium,Medium,Red,Bending,Purse,Not Visible,Sad,5,59,2.11
21,188,65,Female,26,Morning,Very High,High,Brown,Upright,Bag,Partially Visible,Happy,2,33,1.46
10,158,62,Female,58,Night,Medium,Medium,Red,Moving,No Object,Not Visible,Neutral,6,43,2.0
23,168,80,Male,33,Morning,Very High,Medium,Blue,Moving,Purse,Partially Visible,Neutral,9,22,1.14
13,150,71,Male,32,Morning,High,Low,Purple,Moving,Purse,Visible,Happy,1,43,2.37
21,185,90,Male,43,Afternoon,Medium,Low,Red,Upright,No Object,Visible,Neutral,5,53,2.53
9,186,68,Male,56,Afternoon,Very High,Medium,Yellow,Bending,Laptop,Partially Visible,Neutral,10,36,1.26
5,180,80,Male,18,Morning,Medium,Medium,Brown,Moving,No Object,Partially Visible,Neutral,7,16,1.57
6,160,88,Female,59,Morning,Medium,High,Green,Mixed,Laptop,Partially Visible,Neutral,1,42,1.99
12,147,68,Female,32,Afternoon,Medium,High,Green,Upright,Purse,Visible,Happy,10,52,2.03
24,176,59,Male,13,Morning,Low,Medium,Black,Moving,No Object,Partially Visible,Happy,1,43,2.54
5,164,93,Female,26,Morning,High,Medium,Black,Bending,Purse,Visible,Neutral,6,41,1.85
12,189,56,Male,34,Night,Medium,High,Purple,Moving,No Object,Partially Visible,Neutral,2,30,1.77
7,176,46,Male,44,Evening,Very High,High,Blue,Bending,Purse,Partially Visible,Neutral,4,15,1.0
23,169,73,Female,39,Morning,Very High,High,Brown,Moving,Laptop,Visible,Happy,5,44,1.55
18,189,94,Female,18,Morning,High,High,Brown,Upright,Purse,Partially Visible,Neutral,3,27,1.48
20,181,49,Male,35,Night,Low,Medium,Red,Upright,No Object,Visible,Neutral,10,17,1.88
19,165,87,Male,23,Afternoon,High,Medium,Purple,Upright,No Object,Partially Visible,Sad,7,32,1.43
18,145,86,Female,24,Morning,Low,Medium,Purple,Moving,Purse,Partially Visible,Neutral,4,6,1.73
20,149,91,Male,46,Evening,High,Low,Red,Upright,Purse,Visible,Neutral,4,33,2.02
5,164,66,Male,50,Night,Medium,Medium,Blue,Bending,Purse,Visible,Neutral,6,35,2.08
22,170,57,Male,19,Afternoon,Very High,Medium,Yellow,Mixed,No Object,Partially Visible,Neutral,4,26,1.35
19,146,70,Male,40,Evening,Medium,Medium,Yellow,Moving,Purse,Partially Visible,Neutral,9,43,1.93
19,150,52,Female,32,Afternoon,Medium,Low,Blue,Bending,Purse,Visible,Happy,3,37,2.47
12,176,87,Female,28,Morning,Very High,Medium,Purple,Moving,Purse,Visible,Neutral,8,25,1.31
21,178,78,Male,46,Night,Medium,Medium,Green,Upright,No Object,Visible,Happy,5,44,2.27
12,146,69,Male,23,Night,Very High,Medium,Green,Upright,No Object,Partially Visible,Happy,3,11,1.31
5,167,70,Male,48,Night,Very High,Low,Green,Bending,No Object,Visible,Happy,6,32,1.71
23,148,80,Male,31,Morning,Medium,Medium,Brown,Moving,Laptop,Partially Visible,Happy,2,12,1.78
9,177,71,Male,16,Evening,Medium,Low,Blue,Upright,Laptop,Partially Visible,Happy,6,38,2.28
7,182,86,Female,50,Evening,Medium,Low,Black,Upright,Laptop,Not Visible,Happy,8,5,1.63
17,184,91,Female,52,Morning,High,Low,Red,Bending,No Object,Not Visible,Happy,7,52,2.14
9,171,92,Female,39,Night,Very High,High,Blue,Upright,Purse,Visible,Happy,1,6,1.21
22,173,76,Male,46,Morning,Medium,Medium,Yellow,Moving,Laptop,Partially Visible,Happy,7,32,1.88
13,186,82,Male,19,Afternoon,High,Medium,Green,Upright,No Object,Partially Visible,Neutral,1,41,1.91
5,172,60,Male,28,Night,Medium,High,Yellow,Moving,No Object,Not Visible,Sad,5,27,1.54
24,165,46,Male,28,Evening,High,Medium,Yellow,Bending,No Object,Partially Visible,Neutral,7,16,1.32
15,178,65,Male,48,Evening,High,High,Purple,Moving,Purse,Visible,Happy,10,18,1.27
10,171,88,Male,28,Afternoon,Very High,Low,Red,Moving,No Object,Not Visible,Neutral,11,51,1.49
18,182,51,Female,46,Night,Medium,Low,Purple,Upright,No Object,Visible,Neutral,6,12,1.84
15,168,72,Male,26,Morning,Medium,Low,Purple,Upright,Purse,Not Visible,Happy,3,44,2.39
5,184,54,Male,40,Evening,Medium,Medium,Black,Moving,Purse,Visible,Neutral,10,21,1.69
20,147,66,Female,22,Morning,Low,High,Red,Upright,Laptop,Visible,Neutral,4,5,1.62
13,146,52,Female,38,Morning,Medium,Medium,Red,Bending,Purse,Not Visible,Neutral,7,27,1.68
18,149,81,Female,15,Evening,Very High,Medium,Black,Upright,Laptop,Partially Visible,Neutral,3,10,1.14
22,170,85,Male,47,Afternoon,Medium,Low,Red,Moving,Purse,Partially Visible,Neutral,5,47,2.31
17,176,82,Male,13,Morning,Medium,High,Red,Upright,Laptop,Visible,Happy,6,47,2.06
18,154,80,Male,59,Night,High,Medium,Black,Bending,No Object,Visible,Happy,9,16,1.49
10,152,56,Male,52,Afternoon,Low,Low,Black,Bending,Laptop,Visible,Sad,10,47,2.32
9,183,71,Female,39,Night,Medium,High,Purple,Upright,Laptop,Partially Visible,Neutral,2,43,1.88
13,178,50,Female,55,Morning,Very High,Medium,Purple,Upright,Purse,Visible,Neutral,7,42,1.6
22,174,63,Female,50,Morning,Low,Low,Blue,Moving,No Object,Visible,Sad,11,9,1.77
15,166,70,Female,18,Afternoon,Medium,Low,Green,Bending,No Object,Visible,Neutral,1,12,2.01
11,163,78,Male,47,Evening,Medium,Low,Blue,Mixed,No Object,Not Visible,Happy,7,13,1.75
20,145,49,Male,30,Afternoon,Low,High,Blue,Moving,No Object,Not Visible,Neutral,9,49,2.06
22,153,85,Female,53,Morning,Medium,Medium,Black,Bending,No Object,Visible,Happy,2,22,2.09
23,185,67,Female,53,Evening,Low,High,Purple,Bending,No Object,Not Visible,Neutral,8,34,1.92
10,160,89,Female,57,Night,Medium,Low,Purple,Mixed,No Object,Visible,Neutral,5,30,2.17
19,176,71,Female,33,Morning,Very High,Medium,Purple,Bending,Laptop,Visible,Happy,7,59,1.96
16,176,72,Male,21,Afternoon,Medium,Medium,Black,Upright,Purse,Visible,Happy,8,14,1.67
13,158,79,Male,18,Afternoon,Medium,Medium,Brown,Moving,Laptop,Not Visible,Neutral,2,47,2.13
12,154,85,Female,19,Evening,Medium,Medium,Yellow,Mixed,No Object,Visible,Neutral,1,11,1.71
7,176,52,Male,59,Morning,Very High,Medium,Blue,Upright,No Object,Visible,Happy,4,58,1.98
10,149,70,Female,40,Morning,Low,Medium,Black,Upright,No Object,Not Visible,Happy,3,36,2.41
15,167,46,Male,28,Morning,Very High,High,Black,Bending,Laptop,Partially Visible,Neutral,4,19,1.0
22,184,68,Male,33,Evening,Medium,Low,Green,Moving,No Object,Partially Visible,Sad,11,27,1.59
22,177,85,Male,20,Morning,Very High,Medium,Black,Upright,Purse,Partially Visible,Neutral,8,45,1.55
8,179,88,Female,39,Evening,Medium,Medium,Black,Moving,No Object,Partially Visible,Neutral,4,27,1.82
18,148,59,Male,32,Afternoon,Low,Low,Red,Bending,No Object,Visible,Neutral,7,8,2.03
6,153,64,Male,50,Afternoon,Medium,Low,Yellow,Upright,No Object,Partially Visible,Neutral,2,21,1.95
18,157,72,Female,13,Night,Low,High,Purple,Bending,No Object,Visible,Happy,3,55,2.55
11,158,64,Male,56,Night,High,Low,Yellow,Upright,No Object,Visible,Happy,2,25,2.07
13,153,53,Male,14,Night,High,Low,Purple,Moving,Laptop,Not Visible,Happy,5,31,1.79
19,188,60,Female,32,Night,High,Medium,Black,Upright,No Object,Visible,Sad,7,15,1.29
13,152,65,Female,28,Morning,Low,Low,Red,Moving,No Object,Visible,Neutral,6,6,2.0
21,176,70,Female,46,Night,High,Low,Blue,Upright,No Object,Visible,Happy,7,19,1.74
15,171,91,Male,43,Morning,Medium,Low,Yellow,Mixed,Bag,Not Visible,Neutral,2,52,2.4
24,172,72,Female,21,Afternoon,Very High,Low,Red,Moving,Purse,Not Visible,Happy,8,34,1.56
17,154,64,Male,35,Evening,High,Medium,Black,Upright,Purse,Visible,Neutral,7,25,1.59
10,158,78,Female,37,Evening,Medium,High,Red,Mixed,Purse,Visible,Neutral,11,33,1.73
20,172,83,Male,34,Evening,Very High,Low,Green,Upright,Laptop,Partially Visible,Sad,3,49,1.91
13,158,66,Female,13,Evening,Medium,Medium,Red,Bending,No Object,Partially Visible,Neutral,1,54,2.37
15,176,69,Female,20,Afternoon,Medium,Medium,Red,Mixed,Purse,Visible,Sad,6,22,1.67
7,146,55,Male,36,Evening,Low,Low,Blue,Mixed,Laptop,Visible,Happy,3,50,2.88
7,148,88,Male,24,Afternoon,High,Medium,Black,Bending,No Object,Partially Visible,Neutral,2,49,1.98
16,177,88,Female,38,Afternoon,Medium,Low,Brown,Mixed,No Object,Visible,Sad,3,5,1.62
8,172,53,Female,19,Evening,Low,Low,Green,Upright,Purse,Partially Visible,Neutral,8,54,2.57
24,146,62,Female,47,Evening,High,Low,Yellow,Upright,No Object,Visible,Neutral,5,17,1.74
22,185,58,Female,21,Afternoon,Low,Low,Green,Upright,No Object,Not Visible,Sad,10,47,2.13
19,145,91,Female,43,Morning,High,High,Yellow,Upright,No Object,Partially Visible,Neutral,2,53,1.83
19,187,48,Male,52,Afternoon,Low,High,Black,Bending,No Object,Partially Visible,Happy,11,36,1.94
16,177,55,Male,29,Afternoon,Medium,High,Yellow,Upright,Purse,Partially Visible,Happy,5,22,1.71
6,189,60,Female,18,Morning,Very High,Low,Purple,Bending,No Object,Visible,Neutral,6,52,2.05
12,187,73,Male,12,Morning,Low,High,Purple,Upright,Purse,Visible,Sad,9,31,1.75
14,159,57,Female,29,Night,High,Medium,Brown,Upright,No Object,Partially Visible,Happy,6,47,1.97
23,179,71,Male,17,Afternoon,High,Low,Purple,Moving,No Object,Partially Visible,Neutral,2,42,2.07
9,154,82,Male,54,Evening,Very High,High,Brown,Upright,No Object,Not Visible,Happy,3,22,1.15
14,166,86,Male,58,Morning,Low,High,Blue,Moving,Laptop,Visible,Neutral,11,34,1.9
11,155,49,Female,59,Night,High,Low,Purple,Moving,No Object,Partially Visible,Neutral,1,16,1.69
7,166,51,Male,56,Morning,Medium,High,Blue,Bending,Purse,Visible,Neutral,11,5,1.35
7,184,49,Male,40,Afternoon,Medium,Low,Black,Moving,Laptop,Visible,Neutral,8,42,2.26
12,164,90,Female,27,Night,Medium,Medium,Blue,Mixed,Purse,Visible,Neutral,6,16,1.69
6,149,77,Male,33,Morning,Medium,Low,Yellow,Upright,No Object,Not Visible,Neutral,4,33,2.1
6,159,71,Female,24,Evening,Medium,Low,Purple,Bending,No Object,Partially Visible,Neutral,10,10,1.61
12,180,84,Female,52,Night,Low,High,Yellow,Upright,Purse,Visible,Happy,1,41,2.43
9,168,74,Male,32,Morning,Medium,Medium,Red,Upright,Purse,Partially Visible,Happy,8,14,1.65
16,170,56,Female,30,Morning,High,Low,Blue,Bending,Purse,Visible,Sad,3,18,1.63
5,164,70,Male,45,Night,Medium,High,Green,Moving,Purse,Visible,Neutral,4,13,1.48
11,158,80,Male,29,Afternoon,Low,High,Red,Moving,No Object,Visible,Happy,1,55,2.55
14,171,46,Female,29,Night,Medium,High,Black,Moving,Purse,Visible,Neutral,7,39,1.86
24,173,75,Male,22,Night,Medium,High,Red,Moving,Purse,Visible,Neutral,2,41,2.02
17,185,69,Male,15,Night,High,High,Brown,Bending,Bag,Visible,Happy,2,27,1.73
22,172,48,Male,13,Night,Very High,Medium,Brown,Upright,Purse,Partially Visible,Neutral,4,52,1.69
11,189,58,Female,31,Night,Medium,Low,Brown,Upright,No Object,Not Visible,Happy,6,8,1.68
13,182,67,Male,59,Afternoon,High,High,Purple,Bending,Purse,Not Visible,Sad,11,27,1.05
13,148,62,Male,24,Night,Low,Low,Yellow,Moving,Purse,Visible,Neutral,10,9,1.9
22,162,59,Female,42,Afternoon,Very High,Low,Blue,Upright,No Object,Partially Visible,Sad,5,43,1.67
24,162,77,Male,27,Evening,Medium,Medium,Brown,Upright,Purse,Visible,Neutral,7,57,2.3
24,145,65,Male,26,Morning,Medium,Low,Yellow,Upright,No Object,Visible,Sad,9,47,2.24
20,153,69,Male,19,Night,Low,Medium,Yellow,Bending,No Object,Partially Visible,Neutral,5,13,1.9
15,179,84,Female,39,Evening,Low,High,Brown,Upright,Purse,Visible,Happy,9,48,2.31
15,160,49,Female,43,Night,High,Medium,Red,Upright,No Object,Partially Visible,Sad,8,18,1.27
24,151,62,Female,28,Afternoon,Low,Medium,Black,Upright,Purse,Not Visible,Sad,8,24,1.73
10,157,48,Male,37,Afternoon,Medium,Medium,Purple,Upright,No Object,Visible,Sad,11,36,1.66
11,157,91,Female,34,Evening,Low,Medium,Red,Bending,Laptop,Not Visible,Sad,5,29,1.92
22,152,54,Female,25,Night,Very High,Low,Brown,Mixed,Purse,Visible,Neutral,1,15,1.62
12,149,85,Female,45,Evening,High,Low,Black,Upright,Purse,Not Visible,Neutral,6,34,1.64
9,179,54,Male,38,Night,Very High,Medium,Blue,Bending,No Object,Partially Visible,Neutral,4,15,1.2
16,182,61,Female,15,Morning,Very High,Medium,Green,Bending,Bag,Visible,Happy,1,44,1.82
11,167,75,Male,35,Night,Very High,Medium,Purple,Bending,No Object,Visible,Neutral,2,8,1.21
22,172,86,Female,30,Evening,Medium,Low,Brown,Upright,Purse,Visible,Sad,6,49,2.27
23,186,53,Female,50,Night,Low,Low,Purple,Upright,No Object,Partially Visible,Neutral,11,58,2.58
11,182,55,Male,26,Morning,Medium,Medium,Black,Mixed,No Object,Visible,Neutral,4,46,2.23
15,146,89,Male,57,Afternoon,Medium,Medium,Yellow,Mixed,Purse,Not Visible,Neutral,7,38,1.92
24,187,61,Female,41,Morning,High,Medium,Brown,Upright,No Object,Visible,Sad,2,29,1.71
19,148,55,Male,18,Afternoon,Low,High,Purple,Bending,No Object,Not Visible,Happy,2,34,2.12
9,146,82,Female,31,Night,Low,Medium,Green,Upright,No Object,Visible,Neutral,9,33,2.18
16,163,49,Female,54,Evening,High,Low,Green,Upright,No Object,Partially Visible,Neutral,7,53,2.07
17,178,88,Male,24,Night,Low,Medium,Red,Upright,Bag,Not Visible,Sad,3,12,1.69
18,148,88,Female,45,Evening,Low,Low,Blue,Moving,Purse,Visible,Neutral,6,37,2.39
5,158,87,Female,49,Night,Low,Low,Red,Upright,No Object,Visible,Neutral,7,35,2.46
10,156,59,Male,45,Night,High,Medium,Blue,Upright,Purse,Partially Visible,Happy,1,19,1.68
22,162,50,Male,16,Evening,Low,Low,Green,Upright,Purse,Partially Visible,Neutral,4,27,2.16
9,189,66,Male,29,Night,Low,Low,Purple,Upright,Purse,Not Visible,Sad,10,30,1.98
10,159,61,Male,28,Morning,Low,High,Green,Upright,Purse,Visible,Neutral,4,6,1.67
11,154,92,Female,28,Evening,High,Medium,Yellow,Bending,No Object,Not Visible,Neutral,8,31,1.45
8,150,76,Female,54,Evening,Low,High,Yellow,Bending,No Object,Not Visible,Neutral,7,14,1.55
8,153,92,Female,12,Night,Low,High,Purple,Upright,Purse,Partially Visible,Neutral,1,26,1.98
11,150,82,Male,37,Evening,Very High,Low,Black,Upright,Purse,Visible,Neutral,11,20,1.44
22,170,80,Female,59,Morning,Very High,Medium,Yellow,Moving,Purse,Visible,Neutral,11,46,1.59
5,163,50,Female,54,Evening,Low,Low,Green,Upright,No Object,Not Visible,Neutral,8,57,2.57
10,167,48,Female,41,Night,Medium,Medium,Brown,Upright,Laptop,Partially Visible,Neutral,2,11,1.69
6,182,47,Male,59,Morning,Low,Low,Yellow,Moving,No Object,Partially Visible,Neutral,10,19,2.04
16,171,74,Female,31,Morning,High,Low,Red,Bending,Purse,Not Visible,Sad,1,13,1.48
10,151,55,Female,41,Evening,Medium,Low,Red,Upright,No Object,Visible,Happy,6,31,2.28
20,161,94,Male,38,Evening,Very High,High,Blue,Upright,Purse,Partially Visible,Happy,5,25,1.26
16,159,51,Female,14,Evening,High,Low,Yellow,Upright,Bag,Partially Visible,Neutral,8,30,1.72
20,182,92,Male,13,Morning,Medium,Medium,Black,Upright,No Object,Not Visible,Sad,2,8,1.48
17,158,78,Female,55,Evening,Low,High,Blue,Moving,Purse,Partially Visible,Neutral,10,52,2.1
13,151,50,Female,20,Evening,Very High,Medium,Yellow,Bending,Purse,Visible,Neutral,7,59,1.83
22,178,47,Female,29,Night,High,Medium,Red,Upright,No Object,Visible,Neutral,3,55,2.09
14,164,64,Female,41,Afternoon,High,Low,Blue,Upright,No Object,Not Visible,Happy,4,32,1.86
23,149,61,Male,39,Afternoon,Low,High,Black,Upright,Purse,Partially Visible,Sad,8,41,1.77
24,176,60,Female,36,Morning,High,Medium,Purple,Upright,No Object,Visible,Neutral,3,7,1.44
16,154,71,Male,59,Evening,High,Medium,Yellow,Bending,No Object,Not Visible,Neutral,4,38,1.73
18,184,51,Female,49,Evening,Very High,High,Brown,Upright,Laptop,Visible,Sad,11,38,1.14
10,182,51,Male,57,Afternoon,Medium,Low,Brown,Moving,Purse,Visible,Neutral,10,45,2.15
21,161,79,Male,43,Evening,Medium,Medium,Green,Moving,Purse,Not Visible,Happy,4,47,2.22
18,170,94,Female,58,Night,Medium,Low,Black,Mixed,Purse,Partially Visible,Happy,7,5,1.73
23,170,58,Male,40,Morning,High,Low,Purple,Moving,Purse,Not Visible,Happy,5,27,1.83
10,174,91,Female,38,Evening,Very High,Low,Yellow,Mixed,Purse,Not Visible,Sad,3,31,1.39
20,148,62,Female,51,Evening,Medium,Medium,Brown,Mixed,No Object,Partially Visible,Sad,4,31,1.78
14,159,61,Male,53,Morning,Low,Low,Red,Upright,No Object,Visible,Neutral,2,35,2.47
8,152,49,Male,15,Morning,Low,Medium,Yellow,Upright,Purse,Not Visible,Sad,10,43,1.93
8,176,66,Female,55,Afternoon,High,High,Green,Upright,Bag,Partially Visible,Happy,3,37,1.73
16,148,69,Female,45,Morning,Very High,High,Green,Bending,No Object,Partially Visible,Happy,3,17,1.18
11,168,78,Male,55,Afternoon,Low,Low,Brown,Bending,Bag,Partially Visible,Happy,8,41,2.41
7,177,52,Female,46,Morning,Medium,High,Green,Upright,Purse,Visible,Sad,2,37,1.82
13,187,54,Female,56,Night,Very High,Low,Brown,Moving,No Object,Visible,Happy,11,15,1.35
18,157,66,Male,25,Evening,Medium,Medium,Red,Moving,No Object,Partially Visible,Happy,10,39,2.05
11,145,48,Female,21,Afternoon,Low,Low,Blue,Bending,No Object,Partially Visible,Happy,5,33,2.42
24,177,52,Female,21,Night,Medium,Medium,Black,Upright,Purse,Visible,Neutral,3,49,2.32
20,145,76,Male,24,Morning,Medium,Low,Purple,Upright,No Object,Visible,Neutral,2,26,2.13
15,147,92,Female,22,Evening,Low,Medium,Yellow,Bending,No Object,Visible,Happy,10,54,2.51
23,189,73,Female,33,Evening,High,Low,Green,Upright,No Object,Partially Visible,Sad,5,34,1.7
13,183,52,Female,21,Night,Medium,Low,Purple,Bending,Bag,Visible,Sad,7,56,2.29
7,176,94,Male,19,Morning,High,Medium,Blue,Upright,No Object,Partially Visible,Happy,2,10,1.51
5,182,71,Male,37,Evening,High,Low,Purple,Upright,No Object,Partially Visible,Sad,10,11,1.3
23,148,80,Male,50,Night,Low,Medium,Green,Upright,No Object,Visible,Sad,6,17,1.82
24,149,54,Female,18,Night,Low,Medium,Red,Bending,No Object,Partially Visible,Sad,1,49,2.36
19,158,73,Female,36,Morning,Low,Medium,Red,Upright,No Object,Not Visible,Happy,1,32,2.32
7,146,48,Male,43,Night,Low,Medium,Purple,Mixed,Purse,Visible,Sad,11,42,2.08
10,184,76,Female,45,Afternoon,High,High,Brown,Upright,Purse,Visible,Neutral,1,6,1.28
5,147,55,Female,17,Afternoon,Low,High,Blue,Mixed,No Object,Visible,Happy,4,25,2.11
6,169,90,Male,47,Morning,High,Low,Purple,Upright,Laptop,Partially Visible,Neutral,1,24,1.78
9,183,47,Male,13,Morning,Low,Medium,Red,Upright,No Object,Not Visible,Happy,1,55,2.61
16,178,77,Male,23,Afternoon,Low,Medium,Green,Mixed,Laptop,Partially Visible,Neutral,9,10,1.75
6,155,51,Female,27,Morning,Low,Low,Yellow,Moving,No Object,Not Visible,Neutral,9,52,2.42
24,166,79,Male,52,Evening,Medium,Low,Red,Bending,Laptop,Partially Visible,Neutral,4,25,2.03
14,169,69,Female,21,Evening,High,Low,Purple,Moving,Bag,Visible,Happy,2,47,2.41
10,179,93,Female,49,Afternoon,High,Medium,Brown,Upright,Laptop,Visible,Sad,3,21,1.55
15,164,77,Female,59,Evening,Low,Low,Purple,Moving,No Object,Partially Visible,Happy,4,8,2.05
20,157,63,Male,58,Evening,High,Medium,Yellow,Upright,Purse,Partially Visible,Sad,9,42,1.55
11,180,49,Female,26,Morning,High,Medium,Yellow,Moving,Laptop,Partially Visible,Neutral,7,14,1.37
5,184,74,Male,16,Afternoon,Medium,Medium,Blue,Mixed,Purse,Partially Visible,Happy,5,13,1.76
6,167,67,Male,22,Night,Low,Low,Blue,Moving,No Object,Visible,Neutral,1,55,2.88
22,146,47,Male,48,Morning,Low,High,Blue,Moving,No Object,Visible,Sad,2,17,1.71
7,167,74,Female,21,Night,Low,Medium,Blue,Bending,No Object,Partially Visible,Sad,3,59,2.46
17,185,55,Female,42,Night,Very High,Low,Brown,Bending,No Object,Partially Visible,Happy,3,24,1.64
12,189,56,Male,29,Afternoon,Medium,Low,Red,Upright,No Object,Not Visible,Happy,6,20,1.84
20,163,45,Male,48,Afternoon,Medium,Low,Green,Moving,Purse,Visible,Happy,10,29,2.12
6,151,63,Female,41,Morning,High,High,Brown,Bending,No Object,Not Visible,Neutral,5,20,1.2
22,170,55,Female,40,Evening,Medium,Low,Black,Upright,No Object,Visible,Happy,4,56,2.57
18,182,48,Male,49,Morning,High,Low,Black,Moving,No Object,Visible,Happy,7,38,2.03
13,187,66,Male,57,Night,Low,Low,Blue,Upright,Bag,Not Visible,Neutral,1,45,2.55
9,147,56,Female,29,Afternoon,Medium,Low,Red,Moving,Purse,Not Visible,Sad,9,9,1.41
24,158,51,Female,37,Night,Low,Medium,Purple,Moving,Purse,Not Visible,Neutral,1,18,2.05
11,166,68,Male,42,Night,Low,High,Black,Upright,Purse,Visible,Neutral,4,37,2.18
14,149,48,Female,51,Afternoon,Medium,Medium,Brown,Upright,Purse,Visible,Happy,11,31,1.84
12,184,94,Female,35,Evening,High,High,Black,Moving,No Object,Partially Visible,Neutral,5,58,1.79
9,150,68,Male,29,Morning,High,Low,Green,Upright,Purse,Not Visible,Neutral,9,44,1.8
13,174,94,Female,52,Morning,High,Medium,Yellow,Mixed,No Object,Partially Visible,Sad,3,21,1.43
8,186,89,Female,57,Evening,Low,High,Green,Upright,Purse,Visible,Neutral,10,29,1.9
5,175,93,Male,39,Afternoon,Very High,Medium,Green,Upright,No Object,Partially Visible,Happy,4,45,1.83
10,179,72,Male,16,Afternoon,Low,High,Yellow,Upright,Bag,Visible,Neutral,3,27,2.12
7,156,66,Male,25,Morning,High,Low,Green,Moving,Purse,Visible,Happy,1,33,2.14
13,182,80,Male,34,Night,High,Medium,Brown,Bending,No Object,Partially Visible,Happy,4,48,2.09
22,163,49,Female,45,Afternoon,Medium,Medium,Brown,Moving,Purse,Visible,Sad,7,20,1.64
8,147,87,Female,44,Afternoon,Medium,Low,Red,Mixed,No Object,Partially Visible,Neutral,1,10,1.82
5,161,61,Female,51,Afternoon,High,High,Brown,Bending,No Object,Partially Visible,Sad,2,27,1.27
7,160,45,Female,13,Afternoon,High,Low,Yellow,Upright,Laptop,Visible,Happy,4,17,1.84
15,168,56,Male,34,Evening,Low,Low,Blue,Upright,Purse,Visible,Sad,8,35,2.17
10,156,57,Female,45,Night,High,High,Purple,Moving,Purse,Not Visible,Sad,7,51,1.45
14,165,45,Male,59,Evening,Low,Medium,Red,Upright,No Object,Partially Visible,Neutral,1,46,2.45
5,164,78,Male,18,Morning,Medium,High,Blue,Moving,No Object,Not Visible,Happy,1,45,2.09
11,159,49,Male,54,Night,High,High,Purple,Moving,No Object,Visible,Sad,1,34,1.64
13,176,87,Female,12,Afternoon,High,Low,Yellow,Bending,Purse,Partially Visible,Sad,4,53,2.06
13,158,67,Female,21,Morning,Medium,Medium,Yellow,Bending,Purse,Not Visible,Happy,4,55,2.29
16,179,80,Male,52,Morning,Low,High,Brown,Mixed,No Object,Visible,Sad,2,46,2.13
20,156,61,Female,49,Night,Medium,Low,Blue,Moving,No Object,Visible,Sad,5,11,1.75
14,183,51,Female,58,Afternoon,Medium,Medium,Black,Bending,No Object,Not Visible,Happy,7,21,1.72
21,161,54,Male,40,Morning,Medium,High,Black,Upright,No Object,Visible,Neutral,8,57,2.06
15,146,77,Female,41,Night,Medium,Low,Red,Upright,No Object,Visible,Neutral,11,8,1.68
10,151,80,Female,37,Afternoon,High,High,Brown,Upright,No Object,Not Visible,Neutral,8,35,1.29
9,181,58,Male,36,Night,Low,Medium,Red,Mixed,No Object,Visible,Sad,11,40,2.02
11,184,62,Female,36,Night,Low,High,Red,Bending,No Object,Partially Visible,Sad,11,26,1.57
16,154,92,Female,26,Morning,Medium,Medium,Blue,Moving,No Object,Partially Visible,Happy,10,43,2.01
9,172,87,Female,52,Evening,Low,Medium,Blue,Upright,Purse,Partially Visible,Neutral,4,9,1.86
23,170,65,Male,29,Evening,Low,High,Red,Moving,Laptop,Visible,Neutral,1,17,1.97
14,151,57,Male,41,Morning,Medium,Low,Purple,Upright,No Object,Visible,Neutral,1,21,2.17
22,165,60,Female,44,Afternoon,Medium,Medium,Yellow,Moving,No Object,Not Visible,Neutral,10,14,1.43
18,176,71,Male,37,Afternoon,Medium,High,Black,Upright,Purse,Not Visible,Neutral,10,29,1.44
11,188,73,Male,41,Morning,Medium,High,Green,Moving,No Object,Visible,Happy,4,30,1.9
9,183,54,Male,14,Evening,Very High,High,Blue,Bending,No Object,Visible,Neutral,9,56,1.56
19,149,48,Female,27,Afternoon,Medium,Medium,Purple,Upright,No Object,Partially Visible,Sad,5,31,1.76
11,155,69,Male,33,Night,Medium,Medium,Yellow,Upright,No Object,Visible,Neutral,1,46,2.31
9,164,84,Female,30,Night,Low,Medium,Yellow,Upright,Laptop,Not Visible,Neutral,8,9,1.66
23,151,52,Male,55,Evening,Low,Medium,Black,Upright,Laptop,Not Visible,Sad,1,8,1.72
14,170,65,Male,55,Morning,Medium,Medium,Red,Upright,No Object,Visible,Sad,2,26,1.88
5,145,53,Male,46,Morning,High,Low,Brown,Upright,No Object,Not Visible,Neutral,6,23,1.55
14,150,57,Female,28,Morning,Low,Low,Black,Upright,Bag,Not Visible,Neutral,1,55,2.78
14,147,75,Male,14,Afternoon,Low,Medium,Green,Upright,Purse,Partially Visible,Neutral,4,32,2.12
22,158,59,Male,48,Night,Medium,Low,Green,Moving,Bag,Not Visible,Neutral,9,31,1.89
19,179,58,Female,54,Morning,Medium,Low,Red,Upright,Purse,Visible,Neutral,7,51,2.36
8,152,94,Female,35,Evening,Very High,Low,Purple,Upright,No Object,Not Visible,Happy,1,52,2.09
8,189,53,Male,51,Morning,Low,High,Blue,Moving,No Object,Visible,Neutral,3,47,2.38
17,157,54,Male,56,Afternoon,Low,High,Yellow,Upright,No Object,Visible,Neutral,11,29,1.82
5,147,91,Female,38,Evening,Medium,Medium,Purple,Bending,Laptop,Partially Visible,Sad,11,16,1.44
11,160,72,Male,22,Night,Low,High,Red,Mixed,No Object,Visible,Neutral,11,6,1.47
7,178,47,Male,13,Night,Low,High,Brown,Moving,Purse,Partially Visible,Happy,6,7,1.73
5,149,66,Male,48,Evening,Medium,Low,Red,Bending,Purse,Visible,Neutral,5,49,2.38
23,148,73,Female,38,Morning,Medium,Low,Yellow,Bending,Laptop,Visible,Neutral,9,12,1.76
6,183,57,Male,19,Afternoon,Low,Low,Black,Moving,Purse,Partially Visible,Neutral,11,27,2.03
5,171,72,Male,14,Night,High,Low,Red,Moving,No Object,Visible,Happy,2,32,2.12
23,160,77,Male,58,Morning,Medium,Medium,Yellow,Upright,No Object,Visible,Sad,10,35,1.75
8,179,57,Female,27,Evening,Low,Low,Yellow,Bending,Purse,Visible,Sad,7,9,1.93
21,182,85,Female,27,Evening,Very High,High,Purple,Moving,Laptop,Not Visible,Sad,2,33,1.09
5,161,67,Female,42,Night,Medium,Medium,Black,Moving,Purse,Partially Visible,Neutral,10,18,1.69
8,170,93,Male,29,Morning,Very High,Low,Purple,Upright,Purse,Partially Visible,Sad,1,23,1.38
7,145,49,Male,55,Morning,Very High,High,Brown,Upright,Laptop,Partially Visible,Neutral,1,50,1.62
19,158,61,Male,44,Morning,Medium,High,Black,Bending,No Object,Partially Visible,Neutral,5,30,1.7
17,171,81,Female,29,Afternoon,Low,High,Green,Upright,No Object,Visible,Happy,6,27,2.09
14,153,89,Female,24,Evening,High,High,Green,Bending,Laptop,Visible,Happy,5,5,1.24
9,189,56,Male,53,Morning,Medium,High,Brown,Upright,Purse,Partially Visible,Happy,3,59,2.32
6,188,94,Female,40,Evening,Low,Medium,Yellow,Upright,Laptop,Visible,Sad,8,37,2.07
16,156,54,Female,56,Morning,Medium,High,Red,Upright,No Object,Not Visible,Neutral,6,46,1.91
9,162,65,Female,28,Evening,Medium,Low,Green,Moving,Purse,Visible,Sad,2,28,2.04
16,153,60,Male,13,Afternoon,Very High,Medium,Red,Moving,No Object,Partially Visible,Neutral,9,19,1.08
18,167,66,Female,55,Night,High,Medium,Green,Moving,No Object,Visible,Happy,4,20,1.67
21,150,90,Male,23,Afternoon,Very High,Low,Yellow,Mixed,No Object,Partially Visible,Neutral,8,5,1.04
14,162,81,Male,52,Night,High,Low,Brown,Mixed,Purse,Not Visible,Happy,4,53,2.14
5,169,84,Male,46,Morning,High,Low,Red,Upright,No Object,Visible,Sad,9,33,1.72
10,172,57,Female,23,Morning,Medium,Low,Yellow,Upright,No Object,Visible,Happy,4,24,2.16
22,171,92,Female,48,Morning,Very High,Low,Red,Moving,No Object,Partially Visible,Happy,3,43,1.89
15,154,66,Male,15,Afternoon,Very High,Medium,Red,Bending,No Object,Visible,Neutral,1,12,1.25
17,180,77,Male,30,Night,High,High,Purple,Upright,Purse,Visible,Sad,10,30,1.27
14,176,79,Female,29,Morning,High,Medium,Red,Mixed,Purse,Partially Visible,Neutral,8,29,1.52
8,178,78,Female,43,Night,Medium,Medium,Blue,Upright,Purse,Visible,Happy,7,54,2.37
22,166,75,Male,37,Evening,Medium,Low,Red,Mixed,No Object,Visible,Neutral,7,48,2.3
20,185,69,Male,41,Afternoon,Very High,High,Brown,Bending,No Object,Visible,Happy,1,47,1.79
24,162,77,Male,34,Afternoon,Low,Low,Black,Upright,No Object,Visible,Neutral,5,19,2.18
22,181,90,Male,47,Night,Low,Low,Yellow,Moving,Purse,Not Visible,Neutral,10,33,2.12
10,154,64,Female,19,Evening,Medium,Medium,Purple,Moving,Laptop,Visible,Happy,4,58,2.51
10,156,70,Male,46,Morning,Medium,High,Yellow,Bending,No Object,Visible,Neutral,1,6,1.45
9,168,54,Female,14,Night,Medium,High,Black,Bending,Bag,Partially Visible,Happy,10,40,1.91
23,170,62,Female,16,Afternoon,Low,High,Red,Upright,No Object,Not Visible,Happy,1,23,2.02
16,178,83,Female,46,Morning,Low,Medium,Purple,Upright,Purse,Visible,Neutral,8,45,2.34
14,158,77,Female,19,Night,Low,Medium,Black,Upright,Purse,Partially Visible,Happy,10,32,2.14
24,184,55,Male,48,Night,Medium,Medium,Blue,Upright,Purse,Partially Visible,Happy,9,43,2.17
17,159,72,Male,18,Afternoon,Low,Low,Black,Upright,Purse,Visible,Neutral,1,18,2.38
23,169,85,Female,19,Evening,High,Low,Green,Bending,No Object,Visible,Neutral,10,53,2.09
24,186,51,Female,56,Morning,Low,High,Green,Upright,Purse,Partially Visible,Sad,1,51,2.22
6,169,48,Female,20,Night,Medium,High,Black,Bending,No Object,Visible,Sad,10,40,1.62
12,175,64,Male,55,Afternoon,Medium,Low,Yellow,Upright,Purse,Visible,Neutral,1,28,2.13
19,185,77,Female,28,Afternoon,Medium,Low,Blue,Upright,No Object,Partially Visible,Neutral,6,13,1.75
21,188,60,Male,50,Evening,Very High,Low,Purple,Mixed,No Object,Visible,Neutral,10,16,1.3
7,167,86,Male,57,Afternoon,Low,Medium,Red,Mixed,Bag,Visible,Neutral,3,26,2.23
11,163,87,Female,17,Evening,Medium,Low,Blue,Moving,No Object,Visible,Neutral,1,47,2.54
15,153,71,Male,27,Evening,High,Medium,Brown,Upright,No Object,Not Visible,Sad,1,57,1.92
20,169,63,Male,39,Afternoon,Low,Low,Blue,Moving,No Object,Partially Visible,Neutral,5,38,2.45
7,186,47,Male,53,Night,High,Low,Yellow,Upright,Purse,Visible,Neutral,4,56,2.34
17,166,86,Male,20,Afternoon,Very High,Low,Yellow,Bending,Purse,Visible,Neutral,3,15,1.35
10,160,89,Female,20,Night,High,High,Black,Moving,Bag,Not Visible,Happy,6,45,1.69
9,149,67,Female,29,Afternoon,Very High,Low,Black,Upright,Purse,Partially Visible,Sad,4,34,1.62
15,162,70,Female,21,Evening,Medium,Medium,Purple,Mixed,No Object,Partially Visible,Neutral,7,12,1.53
13,155,82,Male,24,Evening,Medium,Medium,Yellow,Moving,No Object,Visible,Neutral,4,43,2.05
17,188,79,Female,18,Night,Low,High,Brown,Upright,No Object,Visible,Neutral,4,54,2.37
11,168,51,Female,51,Morning,Low,Low,Red,Upright,Purse,Visible,Happy,10,29,2.24
21,151,78,Male,50,Morning,Low,Medium,Brown,Moving,Bag,Not Visible,Neutral,9,19,1.72
6,148,91,Female,18,Night,Medium,Low,Red,Upright,No Object,Not Visible,Neutral,9,21,1.65
22,183,82,Female,37,Night,Medium,Medium,Blue,Upright,No Object,Visible,Neutral,5,38,2.12
5,186,69,Female,43,Evening,Low,Medium,Brown,Upright,Purse,Partially Visible,Happy,10,42,2.31
19,179,71,Female,42,Afternoon,High,High,Green,Mixed,Purse,Not Visible,Sad,4,16,1.08
11,150,57,Female,59,Afternoon,Low,High,Purple,Upright,Purse,Not Visible,Sad,8,42,1.89
12,149,78,Female,42,Evening,Medium,High,Purple,Mixed,No Object,Visible,Happy,9,46,1.98
5,153,57,Female,44,Evening,Low,High,Red,Bending,No Object,Visible,Sad,4,5,1.56
19,178,62,Female,13,Afternoon,High,Low,Purple,Upright,No Object,Not Visible,Sad,7,26,1.59
8,179,58,Male,15,Morning,Medium,Medium,Purple,Upright,No Object,Visible,Happy,3,17,1.96
18,182,61,Female,41,Morning,High,Low,Red,Moving,Purse,Visible,Sad,5,48,2.06
19,149,63,Female,55,Afternoon,Low,Low,Green,Upright,No Object,Visible,Happy,6,40,2.58
21,151,49,Male,31,Evening,Medium,Medium,Purple,Upright,No Object,Partially Visible,Sad,8,34,1.7
19,185,80,Female,42,Afternoon,Very High,Medium,Red,Upright,Bag,Visible,Neutral,4,17,1.23
11,186,67,Female,22,Evening,Low,Medium,Red,Moving,Purse,Partially Visible,Sad,8,31,2.01
19,177,92,Female,33,Afternoon,Medium,High,Black,Bending,No Object,Not Visible,Neutral,8,57,1.85
21,149,54,Female,48,Afternoon,Low,Medium,Purple,Bending,Bag,Partially Visible,Neutral,10,59,2.45
11,148,78,Male,43,Evening,Low,High,Blue,Upright,No Object,Not Visible,Sad,1,13,1.63
7,147,53,Female,17,Evening,Medium,High,Yellow,Upright,Purse,Not Visible,Neutral,6,31,1.51
22,176,72,Female,54,Night,Low,High,Brown,Moving,No Object,Partially Visible,Neutral,8,46,2.15
7,183,69,Male,56,Night,Medium,Low,Blue,Upright,Laptop,Partially Visible,Neutral,5,21,1.9
16,173,67,Female,34,Afternoon,Very High,Medium,Green,Mixed,No Object,Not Visible,Neutral,4,59,1.69
9,156,77,Male,28,Evening,Low,Medium,Brown,Moving,No Object,Partially Visible,Happy,7,30,2.2
7,179,86,Male,37,Afternoon,Low,High,Black,Upright,Bag,Visible,Happy,6,24,1.98
20,147,60,Female,50,Night,High,Low,Blue,Moving,Purse,Not Visible,Happy,5,56,2.22
7,182,87,Female,33,Evening,Medium,Low,Blue,Bending,No Object,Partially Visible,Happy,11,38,2.08
18,185,54,Female,13,Night,Very High,Low,Black,Bending,No Object,Not Visible,Sad,5,8,0.98
18,177,59,Male,15,Afternoon,Medium,Low,Yellow,Upright,No Object,Visible,Neutral,3,10,1.83
6,184,60,Female,50,Morning,High,High,Green,Mixed,No Object,Visible,Neutral,1,58,2.1
8,171,92,Male,49,Morning,Very High,Low,Purple,Upright,Purse,Partially Visible,Happy,2,39,1.91
20,166,50,Female,49,Evening,Low,Low,Brown,Moving,No Object,Partially Visible,Sad,6,52,2.49
15,159,64,Female,18,Night,High,Medium,Green,Upright,Bag,Visible,Happy,3,59,2.3
7,186,66,Female,20,Evening,High,Medium,Brown,Upright,Purse,Not Visible,Happy,2,45,1.98
24,176,85,Male,30,Night,High,Low,Black,Mixed,Bag,Partially Visible,Sad,4,58,2.09
10,153,69,Female,23,Afternoon,Low,Medium,Yellow,Upright,Purse,Visible,Happy,3,57,2.75
5,188,93,Male,30,Night,Medium,Medium,Purple,Upright,No Object,Partially Visible,Neutral,6,27,1.88
23,147,82,Female,38,Night,Low,High,Yellow,Moving,Purse,Visible,Neutral,1,40,2.33
5,171,80,Male,25,Morning,Very High,Medium,Red,Upright,No Object,Visible,Neutral,11,50,1.54
16,153,82,Female,17,Night,Low,High,Red,Moving,No Object,Visible,Happy,11,57,2.29
24,174,53,Male,31,Morning,Low,Low,Yellow,Mixed,Laptop,Visible,Neutral,10,50,2.44
16,163,67,Female,46,Evening,Very High,High,Yellow,Upright,Purse,Not Visible,Neutral,2,49,1.45
16,164,74,Female,41,Afternoon,Medium,Medium,Black,Bending,No Object,Visible,Neutral,8,22,1.75
12,175,55,Male,27,Afternoon,Medium,Medium,Blue,Mixed,No Object,Partially Visible,Sad,1,28,1.85
7,179,50,Female,26,Night,Medium,Medium,Purple,Mixed,No Object,Partially Visible,Happy,8,50,2.21
16,162,51,Male,40,Evening,High,Low,Black,Bending,Purse,Visible,Neutral,9,11,1.49
22,189,84,Female,20,Morning,Low,Low,Green,Bending,No Object,Not Visible,Happy,4,13,2.06
6,167,77,Male,52,Morning,Medium,High,Green,Bending,Laptop,Visible,Neutral,6,48,2.09
22,152,59,Male,53,Morning,Medium,High,Green,Upright,Purse,Partially Visible,Sad,11,58,1.8
13,145,81,Male,13,Afternoon,Medium,Low,Blue,Bending,No Object,Partially Visible,Happy,3,28,2.21
15,154,79,Female,58,Morning,Medium,Medium,Green,Upright,Purse,Partially Visible,Happy,6,52,2.26
8,176,85,Female,13,Afternoon,Low,Medium,Brown,Upright,Bag,Visible,Neutral,4,24,2.16
17,169,90,Female,34,Night,High,Medium,Red,Upright,Laptop,Not Visible,Sad,2,33,1.66
8,160,89,Male,44,Night,Low,Low,Green,Moving,No Object,Not Visible,Neutral,8,58,2.5
10,166,54,Female,27,Night,Medium,High,Blue,Upright,No Object,Visible,Neutral,11,26,1.47
19,182,83,Male,21,Afternoon,Medium,Medium,Brown,Upright,Purse,Partially Visible,Neutral,7,53,2.11
6,170,64,Male,14,Evening,Medium,Medium,Purple,Upright,Laptop,Visible,Happy,6,57,2.43
13,147,65,Male,46,Night,High,Medium,Yellow,Upright,Bag,Visible,Sad,6,45,1.75
16,147,77,Male,13,Morning,Medium,Medium,Blue,Mixed,No Object,Visible,Sad,2,8,1.54
7,166,75,Female,35,Night,Very High,Low,Black,Upright,Purse,Visible,Sad,3,57,1.97
10,163,65,Female,30,Evening,High,High,Red,Upright,No Object,Partially Visible,Sad,9,32,1.31
11,183,94,Female,58,Afternoon,High,Low,Green,Mixed,No Object,Visible,Sad,7,20,1.54
18,171,53,Female,56,Afternoon,High,High,Blue,Upright,No Object,Visible,Happy,3,31,1.71
24,179,49,Female,51,Afternoon,Low,High,Black,Upright,No Object,Visible,Sad,1,29,2.02
21,171,46,Male,47,Morning,Very High,Medium,Green,Moving,Purse,Visible,Happy,3,25,1.59
8,160,85,Male,38,Morning,High,Medium,Brown,Moving,No Object,Partially Visible,Neutral,6,42,1.84
5,174,65,Female,28,Afternoon,Medium,Low,Black,Upright,Purse,Partially Visible,Neutral,3,11,1.84
6,172,66,Male,19,Morning,Low,Medium,Purple,Moving,Purse,Visible,Happy,9,39,2.33
16,177,77,Male,58,Evening,Low,Medium,Red,Bending,No Object,Visible,Neutral,7,18,1.91
8,153,66,Female,30,Afternoon,High,Low,Purple,Bending,Purse,Visible,Neutral,2,48,2.28
9,173,73,Male,32,Afternoon,Medium,Low,Yellow,Upright,No Object,Partially Visible,Happy,4,59,2.59
21,157,47,Female,18,Morning,High,High,Brown,Moving,No Object,Visible,Neutral,1,30,1.6
22,180,52,Female,25,Night,Medium,Low,Yellow,Bending,Bag,Partially Visible,Neutral,1,49,2.46
21,180,91,Female,42,Evening,Medium,Low,Red,Moving,No Object,Partially Visible,Neutral,9,22,1.89
10,173,67,Female,32,Afternoon,Low,Low,Blue,Mixed,No Object,Visible,Neutral,5,51,2.73
17,187,53,Male,40,Evening,Low,Medium,Red,Moving,Purse,Visible,Neutral,10,34,2.11
17,169,63,Male,22,Afternoon,Low,Medium,Yellow,Moving,No Object,Visible,Neutral,3,33,2.26
8,146,61,Female,15,Morning,High,High,Green,Upright,No Object,Visible,Neutral,4,10,1.33
16,172,58,Female,54,Evening,Medium,Medium,Green,Upright,Purse,Visible,Happy,6,41,2.2
15,179,59,Male,32,Night,Very High,Low,Brown,Bending,Purse,Not Visible,Neutral,4,48,1.76
12,149,81,Female,29,Evening,High,Medium,Green,Upright,Purse,Visible,Neutral,6,32,1.73
20,149,50,Female,25,Evening,High,Low,Brown,Moving,Laptop,Visible,Happy,2,13,1.81
18,157,60,Male,43,Morning,Medium,High,Purple,Moving,No Object,Not Visible,Sad,1,42,1.75
15,182,68,Female,39,Evening,High,Low,Green,Bending,No Object,Not Visible,Happy,10,39,1.79
19,168,72,Female,30,Evening,Very High,Low,Purple,Upright,No Object,Visible,Sad,3,52,1.87
20,188,89,Female,56,Afternoon,High,Medium,Black,Moving,No Object,Partially Visible,Happy,2,57,2.18
16,184,91,Female,55,Morning,Low,Low,Green,Bending,Bag,Visible,Neutral,4,18,2.17
10,169,59,Female,21,Night,High,Medium,Purple,Bending,Purse,Not Visible,Happy,5,21,1.57
20,175,71,Female,42,Afternoon,Low,Medium,Black,Bending,No Object,Partially Visible,Sad,6,57,2.41
19,159,46,Male,58,Afternoon,Low,High,Red,Upright,No Object,Visible,Sad,9,11,1.45
24,149,75,Female,35,Evening,High,Low,Green,Moving,No Object,Visible,Happy,10,55,2.27
7,162,52,Female,13,Afternoon,High,Medium,Yellow,Upright,Purse,Visible,Happy,4,13,1.61
13,171,48,Female,18,Evening,Low,Medium,Black,Bending,No Object,Partially Visible,Neutral,3,28,2.13
23,153,78,Female,44,Evening,Low,Low,Black,Upright,Bag,Visible,Happy,2,12,2.26
15,154,53,Male,55,Afternoon,Very High,Medium,Brown,Upright,No Object,Partially Visible,Happy,2,58,2.02
23,145,68,Male,18,Morning,Low,High,Blue,Upright,No Object,Visible,Sad,1,32,2.14
5,178,50,Male,38,Morning,Low,High,Red,Upright,Bag,Partially Visible,Neutral,1,53,2.41
5,185,82,Female,35,Night,High,High,Black,Moving,Laptop,Visible,Happy,5,6,1.33
20,182,83,Female,25,Evening,High,Medium,Purple,Moving,No Object,Not Visible,Neutral,7,7,1.12
12,162,73,Male,42,Afternoon,Medium,Low,Red,Upright,No Object,Visible,Happy,10,34,2.21
15,171,86,Female,54,Afternoon,Medium,High,Yellow,Upright,Laptop,Visible,Sad,4,7,1.33
13,188,66,Male,23,Evening,Medium,Low,Purple,Moving,Purse,Visible,Happy,4,34,2.22
13,171,54,Male,14,Night,Low,Medium,Red,Upright,Purse,Partially Visible,Neutral,8,43,2.19
23,158,52,Female,29,Night,High,High,Red,Upright,Purse,Visible,Happy,8,31,1.57
6,160,55,Male,27,Evening,High,High,Purple,Upright,Bag,Visible,Sad,8,48,1.63
20,177,55,Female,46,Afternoon,Medium,High,Red,Bending,Purse,Visible,Happy,2,10,1.67
22,165,61,Female,37,Night,Medium,Low,Yellow,Mixed,No Object,Visible,Neutral,1,18,2.07
18,182,55,Male,12,Night,Medium,Medium,Yellow,Upright,No Object,Not Visible,Neutral,6,13,1.48
12,183,74,Male,28,Afternoon,Low,Low,Green,Mixed,Purse,Visible,Sad,5,32,2.37
8,146,52,Male,47,Night,Medium,High,Green,Moving,No Object,Not Visible,Happy,3,26,1.81
18,177,76,Male,34,Night,Low,Medium,Black,Mixed,No Object,Not Visible,Sad,11,34,1.77
14,161,61,Female,39,Night,High,Low,Black,Moving,Purse,Partially Visible,Sad,2,13,1.44
7,168,79,Female,24,Morning,Medium,High,Purple,Moving,No Object,Visible,Happy,4,29,1.81
12,156,70,Female,27,Morning,High,Medium,Brown,Bending,Bag,Partially Visible,Happy,9,47,1.91
24,161,90,Female,18,Afternoon,Medium,Medium,Purple,Moving,No Object,Not Visible,Sad,6,8,1.32
10,159,66,Female,15,Night,High,High,Blue,Upright,Purse,Visible,Neutral,3,48,1.81
8,147,59,Female,13,Morning,Very High,Medium,Blue,Moving,Purse,Visible,Sad,6,17,1.12
18,180,74,Female,41,Morning,Medium,Medium,Blue,Bending,No Object,Visible,Sad,5,52,2.1
8,151,77,Female,19,Morning,Low,Low,Brown,Upright,No Object,Visible,Neutral,3,49,2.76
23,161,66,Female,39,Morning,High,Low,Red,Upright,No Object,Visible,Happy,8,29,1.88
22,153,72,Male,57,Night,Low,Low,Purple,Upright,Purse,Visible,Neutral,9,9,1.89
24,152,68,Male,45,Evening,Low,Low,Yellow,Upright,Purse,Partially Visible,Neutral,1,26,2.34
23,161,60,Female,39,Evening,Low,Low,Purple,Upright,No Object,Visible,Neutral,1,39,2.61
9,186,60,Male,17,Afternoon,Very High,Medium,Purple,Upright,No Object,Visible,Neutral,10,23,1.21
9,187,90,Male,35,Evening,Low,Medium,Red,Upright,Bag,Not Visible,Neutral,3,39,2.29
11,162,78,Male,54,Night,Medium,Low,Yellow,Bending,No Object,Visible,Sad,1,50,2.49
14,167,49,Male,30,Evening,Medium,Medium,Black,Upright,Bag,Visible,Happy,7,57,2.42
22,189,93,Female,51,Night,High,High,Yellow,Upright,No Object,Visible,Neutral,4,26,1.48
19,155,80,Female,46,Evening,Medium,Low,Purple,Upright,No Object,Visible,Happy,11,59,2.48
17,187,47,Male,24,Afternoon,Very High,Medium,Brown,Upright,Purse,Partially Visible,Happy,11,18,1.04
22,149,81,Female,18,Evening,High,Low,Red,Upright,No Object,Visible,Neutral,1,56,2.39
17,155,74,Female,12,Night,Medium,Medium,Purple,Mixed,Laptop,Not Visible,Sad,3,12,1.42
12,160,90,Female,25,Night,Medium,Medium,Black,Upright,Purse,Not Visible,Neutral,7,34,1.85
13,146,69,Female,27,Afternoon,High,Low,Black,Upright,Purse,Visible,Happy,4,42,2.2
15,181,70,Male,43,Evening,High,Low,Brown,Bending,Purse,Partially Visible,Neutral,1,7,1.61
6,183,60,Male,39,Night,Medium,High,Purple,Moving,Purse,Partially Visible,Neutral,6,29,1.62
19,162,61,Female,34,Evening,Medium,Low,Black,Upright,Purse,Not Visible,Neutral,7,20,1.73
18,182,75,Female,46,Evening,Low,Medium,Blue,Upright,Purse,Visible,Happy,11,49,2.46
19,179,86,Female,48,Afternoon,Low,Medium,Yellow,Bending,Laptop,Partially Visible,Neutral,5,31,2.15
15,181,89,Female,46,Night,Low,Low,Brown,Upright,Purse,Visible,Happy,9,10,2.1
20,181,83,Female,55,Night,Low,Medium,Red,Upright,No Object,Visible,Neutral,5,7,1.85
23,170,75,Male,29,Morning,Low,Medium,Black,Mixed,No Object,Not Visible,Happy,8,6,1.75
16,149,70,Female,51,Morning,Very High,Low,Yellow,Mixed,No Object,Visible,Neutral,11,7,1.14
13,186,61,Male,32,Morning,High,High,Purple,Bending,No Object,Visible,Sad,9,31,1.19
7,172,83,Male,20,Afternoon,High,Medium,Blue,Upright,No Object,Visible,Happy,8,22,1.6
20,185,60,Male,18,Morning,High,Medium,Black,Bending,No Object,Not Visible,Happy,10,16,1.35
23,188,58,Female,16,Night,High,Low,Yellow,Mixed,No Object,Visible,Sad,3,26,1.71
18,153,88,Male,57,Night,Low,Low,Brown,Mixed,Laptop,Visible,Neutral,9,29,2.16
22,163,74,Female,20,Morning,High,Medium,Green,Upright,Purse,Partially Visible,Neutral,11,36,1.52
22,153,62,Female,52,Night,Medium,Medium,Blue,Upright,No Object,Visible,Sad,11,32,1.71
20,147,88,Female,49,Morning,Medium,Low,Red,Upright,Bag,Visible,Neutral,3,56,2.56
15,188,93,Male,33,Night,Very High,Medium,Brown,Moving,Bag,Partially Visible,Neutral,5,25,1.36
6,186,60,Female,55,Afternoon,Very High,Medium,Purple,Upright,Laptop,Not Visible,Neutral,8,26,1.23
5,186,71,Male,55,Morning,Low,Low,Brown,Upright,No Object,Partially Visible,Sad,1,27,2.16
9,184,69,Female,56,Afternoon,High,High,Yellow,Upright,No Object,Visible,Neutral,8,7,1.07
13,174,80,Female,35,Night,Low,Medium,Brown,Upright,No Object,Visible,Happy,4,46,2.48
19,168,92,Male,26,Night,Low,Medium,Green,Moving,Purse,Partially Visible,Neutral,10,34,2.06
14,189,72,Male,14,Morning,Low,High,Black,Upright,Purse,Visible,Happy,7,26,1.99
5,169,84,Male,52,Night,Low,Medium,Blue,Upright,Purse,Partially Visible,Neutral,5,24,2.01
9,173,74,Female,53,Afternoon,High,High,Blue,Moving,Purse,Visible,Happy,1,33,1.86
24,154,89,Female,37,Afternoon,Medium,High,Brown,Bending,Bag,Not Visible,Neutral,8,54,1.81
24,178,65,Male,15,Morning,Low,Low,Brown,Moving,Purse,Visible,Neutral,6,26,2.21
12,181,64,Female,51,Night,Very High,Medium,Purple,Moving,Bag,Not Visible,Neutral,7,28,1.09
21,175,66,Male,26,Night,Medium,High,Blue,Upright,Laptop,Visible,Neutral,1,12,1.68
19,167,94,Female,38,Evening,Medium,High,Green,Upright,No Object,Partially Visible,Happy,5,22,1.74
23,153,75,Male,43,Evening,Medium,Low,Blue,Upright,Laptop,Visible,Neutral,9,46,2.24
22,146,52,Male,19,Night,Medium,Low,Purple,Moving,No Object,Partially Visible,Neutral,11,44,2.02
17,173,47,Female,15,Morning,Medium,Low,Yellow,Mixed,No Object,Visible,Neutral,4,49,2.49
12,175,70,Male,15,Morning,High,High,Green,Upright,Bag,Visible,Sad,3,32,1.63
17,179,85,Male,58,Morning,Very High,High,Purple,Moving,No Object,Visible,Neutral,8,54,1.53
11,187,68,Female,57,Afternoon,Medium,High,Brown,Moving,No Object,Visible,Neutral,3,35,1.84
11,167,73,Male,32,Afternoon,Medium,Low,Black,Mixed,Bag,Not Visible,Sad,10,12,1.49
17,182,84,Female,32,Morning,Low,High,Green,Upright,No Object,Not Visible,Neutral,7,13,1.49
16,177,70,Male,31,Evening,Very High,Low,Black,Upright,No Object,Partially Visible,Neutral,11,32,1.38
16,157,90,Male,28,Morning,Medium,Medium,Red,Moving,No Object,Visible,Neutral,3,25,1.8
12,183,76,Male,38,Night,Medium,Low,Blue,Moving,Purse,Visible,Sad,1,10,1.81
13,147,81,Female,29,Evening,Very High,Medium,Purple,Moving,No Object,Visible,Neutral,10,7,0.89
5,171,84,Male,41,Night,Medium,Medium,Blue,Moving,No Object,Visible,Happy,4,39,2.3
17,187,76,Male,30,Morning,Low,Low,Blue,Upright,Laptop,Partially Visible,Neutral,4,46,2.52
16,174,47,Female,42,Night,Medium,Low,Purple,Bending,No Object,Not Visible,Happy,3,17,1.99
23,187,66,Male,57,Evening,Medium,High,Purple,Upright,Purse,Visible,Neutral,5,18,1.58
15,147,52,Male,21,Night,Very High,Low,Yellow,Upright,No Object,Visible,Sad,10,34,1.43
14,168,70,Male,15,Evening,Medium,Medium,Red,Upright,Purse,Visible,Sad,8,11,1.48
6,180,52,Male,37,Evening,Low,Low,Yellow,Upright,Purse,Visible,Neutral,1,51,2.81
8,173,70,Male,17,Morning,Medium,Low,Blue,Upright,No Object,Visible,Sad,10,37,1.93
11,184,62,Female,23,Evening,Medium,Low,Red,Bending,No Object,Visible,Sad,5,24,1.88
12,165,46,Male,49,Afternoon,Low,Medium,Purple,Moving,No Object,Visible,Sad,8,36,2.11
12,175,51,Male,32,Night,Very High,Medium,Blue,Upright,No Object,Visible,Sad,5,13,0.98
12,163,70,Female,38,Evening,Low,Low,Brown,Upright,No Object,Partially Visible,Sad,2,22,2.23
20,184,48,Male,49,Morning,Very High,High,Red,Upright,No Object,Not Visible,Happy,5,34,1.3
7,150,87,Female,18,Night,High,Low,Blue,Upright,No Object,Visible,Happy,4,57,2.42
11,156,82,Male,34,Morning,Low,High,Purple,Upright,No Object,Visible,Happy,1,51,2.59
8,149,80,Female,13,Afternoon,High,Low,Brown,Bending,No Object,Visible,Neutral,9,39,1.87
11,176,53,Female,35,Morning,High,High,Purple,Mixed,Laptop,Partially Visible,Sad,10,23,1.06
18,155,84,Male,22,Night,High,Low,Blue,Bending,No Object,Partially Visible,Sad,10,55,1.85
5,159,76,Female,55,Morning,Medium,Medium,Purple,Bending,Purse,Partially Visible,Sad,3,12,1.56
11,182,64,Male,24,Night,Low,Medium,Purple,Moving,Purse,Partially Visible,Sad,7,21,1.8
5,161,45,Female,21,Morning,Low,Medium,Purple,Upright,No Object,Not Visible,Neutral,6,28,1.99
24,151,71,Male,12,Evening,High,High,Red,Upright,No Object,Visible,Neutral,7,35,1.61
19,145,84,Female,18,Morning,Low,Low,Red,Upright,No Object,Visible,Neutral,9,42,2.4
9,155,46,Female,22,Afternoon,Low,Medium,Black,Upright,Purse,Visible,Happy,5,27,2.27
8,186,47,Female,22,Evening,Medium,High,Red,Moving,No Object,Visible,Neutral,4,56,2.11
6,169,64,Male,47,Evening,Low,High,Red,Upright,No Object,Visible,Neutral,6,27,1.97
14,189,70,Female,54,Night,High,Medium,Yellow,Upright,Bag,Not Visible,Happy,8,39,1.7
20,154,68,Female,53,Night,High,Medium,Brown,Upright,Purse,Partially Visible,Neutral,5,7,1.28
16,160,66,Female,57,Evening,High,High,Yellow,Upright,No Object,Not Visible,Neutral,4,13,1.13
22,152,57,Female,55,Afternoon,Low,High,Purple,Mixed,Bag,Not Visible,Neutral,1,17,1.76
11,162,47,Male,33,Afternoon,Medium,High,Red,Upright,No Object,Partially Visible,Sad,7,5,1.26
10,170,46,Female,30,Night,High,High,Yellow,Moving,No Object,Not Visible,Happy,1,52,1.93
14,181,49,Female,43,Evening,Medium,Medium,Red,Upright,No Object,Partially Visible,Sad,6,39,1.87
9,161,79,Male,27,Night,High,Medium,Green,Upright,Bag,Visible,Happy,7,51,2.02
24,179,84,Female,40,Afternoon,Medium,Medium,Green,Upright,No Object,Partially Visible,Neutral,6,23,1.78
8,173,66,Female,59,Afternoon,Medium,Low,Blue,Mixed,Purse,Not Visible,Neutral,6,10,1.63
14,158,48,Male,21,Night,Medium,High,Yellow,Upright,Purse,Partially Visible,Sad,4,23,1.52
15,186,65,Male,48,Evening,High,Medium,Red,Moving,Purse,Partially Visible,Sad,3,5,1.23
6,164,94,Male,56,Morning,Low,Low,Yellow,Upright,No Object,Visible,Happy,10,21,2.21
14,151,57,Male,37,Evening,Very High,Medium,Purple,Bending,No Object,Not Visible,Neutral,10,10,0.81
14,188,69,Female,29,Morning,Medium,Low,Brown,Bending,Purse,Visible,Sad,2,16,1.77
10,186,71,Female,24,Night,Low,Low,Red,Bending,No Object,Partially Visible,Sad,3,40,2.37
7,147,61,Female,20,Morning,High,Medium,Brown,Upright,Purse,Partially Visible,Happy,4,57,2.14
5,185,66,Female,27,Night,Medium,Medium,Brown,Upright,No Object,Partially Visible,Happy,8,18,1.66
5,187,68,Male,47,Night,Low,Medium,Green,Moving,Purse,Visible,Neutral,1,59,2.83
14,182,68,Female,36,Morning,Very High,Low,Green,Bending,Purse,Partially Visible,Sad,9,46,1.6
6,156,80,Female,22,Evening,High,Medium,Black,Upright,Purse,Visible,Neutral,1,11,1.44
24,173,74,Male,38,Morning,Medium,Low,Purple,Upright,No Object,Visible,Neutral,10,5,1.61
9,169,47,Male,50,Afternoon,High,High,Red,Upright,No Object,Visible,Sad,1,11,1.19
18,172,45,Female,12,Afternoon,Medium,Low,Black,Upright,No Object,Partially Visible,Neutral,10,44,2.13
18,172,65,Female,12,Evening,Medium,High,Green,Upright,No Object,Visible,Neutral,11,41,1.72
14,173,90,Female,58,Night,Low,Low,Black,Upright,Purse,Visible,Sad,9,53,2.46
22,168,46,Male,47,Afternoon,Low,Low,Red,Upright,No Object,Not Visible,Neutral,11,33,2.13
7,176,48,Male,39,Afternoon,Medium,Medium,Purple,Bending,No Object,Visible,Happy,6,7,1.74
9,168,78,Male,55,Morning,Medium,High,Black,Mixed,No Object,Not Visible,Happy,8,59,2.15
10,145,67,Female,40,Night,High,High,Purple,Moving,No Object,Visible,Neutral,7,52,1.78
7,146,56,Female,36,Afternoon,Medium,Medium,Blue,Bending,Purse,Visible,Happy,1,44,2.33
10,188,55,Male,22,Afternoon,Medium,Low,Brown,Moving,Purse,Partially Visible,Happy,10,55,2.44
11,185,78,Male,50,Morning,High,Low,Brown,Upright,No Object,Visible,Happy,8,20,1.81
20,171,71,Female,48,Afternoon,Very High,Medium,Yellow,Bending,No Object,Not Visible,Neutral,5,34,1.38
11,152,76,Female,26,Evening,Medium,Low,Red,Upright,Purse,Visible,Sad,3,34,2.09
22,180,59,Female,47,Night,Very High,High,Brown,Upright,Purse,Not Visible,Neutral,8,20,0.82
20,151,71,Female,46,Afternoon,High,Medium,Blue,Bending,Laptop,Visible,Neutral,11,59,1.98
23,161,88,Female,16,Evening,Low,High,Green,Upright,Laptop,Not Visible,Sad,2,35,1.86
7,159,60,Female,19,Night,Medium,High,Red,Bending,Laptop,Visible,Neutral,11,55,1.95
24,145,64,Female,40,Afternoon,Low,Low,Red,Bending,Laptop,Partially Visible,Neutral,7,22,2.27
17,181,53,Female,41,Afternoon,High,Medium,Yellow,Upright,Laptop,Visible,Happy,9,32,1.84
24,167,76,Male,43,Morning,Medium,High,Yellow,Upright,Purse,Not Visible,Neutral,2,56,2.13
12,159,46,Female,29,Night,Medium,Medium,Purple,Bending,Purse,Visible,Happy,2,14,1.89
24,167,57,Female,52,Morning,High,Medium,Brown,Moving,Purse,Visible,Neutral,8,34,1.63
16,145,80,Male,33,Morning,Medium,High,Brown,Moving,No Object,Partially Visible,Sad,4,48,1.91
6,164,45,Female,21,Morning,Medium,Low,Red,Upright,No Object,Visible,Neutral,5,48,2.47
13,168,94,Male,17,Evening,Very High,High,Yellow,Moving,Bag,Partially Visible,Happy,7,46,1.46
7,160,65,Male,54,Afternoon,Very High,Low,Blue,Upright,Purse,Partially Visible,Sad,3,38,1.59
23,182,64,Male,45,Evening,High,Medium,Red,Upright,No Object,Visible,Sad,4,5,1.24
11,156,71,Male,34,Evening,Low,Low,Yellow,Bending,No Object,Partially Visible,Neutral,4,20,2.11
9,151,76,Female,22,Morning,Low,Medium,Brown,Upright,No Object,Visible,Happy,4,48,2.55
16,168,67,Female,16,Afternoon,Low,Low,Blue,Upright,No Object,Partially Visible,Neutral,8,32,2.18
13,184,89,Male,19,Morning,Medium,Low,Black,Upright,Purse,Visible,Neutral,2,24,2.16
6,161,93,Female,17,Morning,Low,Medium,Brown,Moving,Purse,Visible,Neutral,10,53,2.41
21,147,55,Female,37,Afternoon,Very High,Low,Black,Mixed,No Object,Not Visible,Neutral,8,23,1.33
21,188,80,Female,21,Afternoon,High,Medium,Yellow,Mixed,No Object,Not Visible,Sad,1,26,1.39
19,164,60,Female,18,Morning,Medium,Low,Black,Upright,No Object,Not Visible,Happy,7,27,1.91
17,152,94,Female,25,Afternoon,Medium,Low,Green,Upright,No Object,Partially Visible,Sad,2,23,1.94
13,172,57,Female,45,Afternoon,Medium,Low,Blue,Moving,No Object,Visible,Happy,2,32,2.33
15,159,59,Female,35,Night,Medium,Medium,Blue,Upright,Purse,Visible,Happy,8,57,2.35
15,187,80,Female,19,Evening,High,Low,Yellow,Upright,No Object,Visible,Sad,3,59,2.31
8,158,84,Male,47,Afternoon,Low,Low,Green,Upright,Bag,Partially Visible,Neutral,7,23,2.11
6,169,51,Female,35,Afternoon,High,Medium,Yellow,Bending,Purse,Visible,Neutral,4,25,1.63
10,169,72,Male,20,Morning,Low,Medium,Green,Bending,No Object,Not Visible,Neutral,4,52,2.39
14,155,62,Female,45,Afternoon,Medium,Medium,Black,Upright,No Object,Visible,Happy,8,36,2.06
8,167,75,Female,59,Evening,Very High,Low,Brown,Upright,No Object,Visible,Happy,8,14,1.45
7,149,72,Female,37,Morning,Low,High,Black,Moving,No Object,Not Visible,Neutral,1,35,1.99
22,173,94,Female,19,Night,Low,Medium,Yellow,Bending,Bag,Visible,Happy,10,48,2.43
12,179,91,Female,26,Evening,High,Medium,Purple,Upright,Purse,Visible,Sad,7,27,1.53
16,187,77,Female,40,Night,Medium,Low,Purple,Upright,Purse,Partially Visible,Neutral,3,38,2.34
15,159,78,Female,59,Afternoon,Low,Low,Purple,Mixed,Purse,Not Visible,Sad,2,47,2.38
19,157,89,Female,56,Night,Low,Medium,Red,Bending,Bag,Visible,Sad,6,11,1.78
19,169,54,Male,56,Afternoon,Low,Low,Yellow,Bending,Laptop,Visible,Neutral,8,58,2.7
10,176,81,Female,51,Night,Medium,Medium,Yellow,Bending,No Object,Visible,Neutral,1,8,1.74
21,189,83,Female,39,Evening,Low,Low,Green,Mixed,No Object,Partially Visible,Sad,4,11,1.89
12,146,51,Female,43,Evening,High,Low,Green,Upright,No Object,Visible,Neutral,11,21,1.6
21,155,89,Female,47,Morning,Very High,Low,Red,Upright,No Object,Partially Visible,Happy,2,6,1.44
13,156,79,Female,46,Night,Low,Low,Yellow,Upright,Purse,Visible,Neutral,9,41,2.55
7,156,62,Male,42,Morning,Medium,Medium,Yellow,Moving,No Object,Not Visible,Happy,3,33,1.95
20,165,69,Male,18,Morning,Low,Low,Red,Upright,Purse,Partially Visible,Neutral,6,24,2.09
5,184,69,Male,54,Afternoon,Medium,Medium,Brown,Upright,No Object,Partially Visible,Sad,9,59,2.17
20,146,90,Female,12,Night,Low,Low,Black,Upright,Purse,Visible,Neutral,11,19,2.03
5,181,93,Female,32,Night,High,Medium,Blue,Bending,No Object,Visible,Happy,7,53,2.08
9,172,85,Female,32,Night,Medium,High,Black,Bending,No Object,Visible,Happy,3,37,2.06
17,172,77,Female,59,Evening,Medium,High,Yellow,Upright,Laptop,Partially Visible,Neutral,1,43,1.94
23,175,50,Male,16,Night,High,Medium,Green,Upright,No Object,Visible,Happy,9,57,2.12
13,150,90,Female,34,Afternoon,High,Medium,Yellow,Moving,Purse,Visible,Neutral,7,18,1.46
7,178,51,Female,29,Afternoon,Medium,Medium,Purple,Upright,Laptop,Visible,Neutral,9,11,1.6
9,156,53,Female,16,Morning,Low,High,Black,Moving,No Object,Visible,Neutral,11,48,2.15
22,168,48,Female,22,Night,Very High,Medium,Red,Upright,No Object,Visible,Neutral,10,40,1.5
19,175,92,Male,32,Afternoon,Medium,Low,Green,Mixed,No Object,Partially Visible,Neutral,6,15,1.8
7,172,69,Female,55,Morning,High,High,Red,Upright,No Object,Partially Visible,Happy,8,55,1.93
12,159,56,Female,30,Afternoon,High,Low,Green,Bending,Bag,Visible,Neutral,7,44,2.06
10,162,49,Female,54,Evening,Medium,High,Brown,Upright,Laptop,Partially Visible,Neutral,3,34,1.78
8,166,65,Male,47,Afternoon,Low,Low,Blue,Upright,No Object,Visible,Neutral,4,12,2.1
21,146,81,Male,51,Afternoon,Low,Low,Black,Moving,Purse,Not Visible,Neutral,2,58,2.7
17,177,94,Male,52,Afternoon,Medium,High,Purple,Bending,Bag,Partially Visible,Neutral,5,33,1.76
8,149,72,Male,46,Evening,Medium,Medium,Blue,Moving,No Object,Visible,Happy,2,37,2.2
18,165,75,Male,47,Evening,High,Medium,Purple,Bending,No Object,Partially Visible,Neutral,10,6,1.12
13,174,86,Male,19,Evening,High,High,Green,Bending,Laptop,Visible,Happy,10,41,1.61
6,148,90,Male,46,Morning,Very High,High,Brown,Moving,Purse,Visible,Neutral,9,50,1.39
13,189,58,Male,14,Afternoon,Very High,Medium,Blue,Upright,No Object,Visible,Happy,5,48,1.79
8,161,94,Female,47,Evening,High,High,Blue,Moving,No Object,Not Visible,Sad,1,25,1.28
9,145,70,Female,43,Morning,Low,Low,Purple,Upright,No Object,Not Visible,Neutral,7,15,1.97
22,174,91,Male,48,Morning,Medium,Low,Brown,Upright,Purse,Partially Visible,Happy,1,29,2.24
19,170,50,Female,42,Afternoon,High,High,Black,Moving,Purse,Not Visible,Happy,1,35,1.57
7,173,49,Male,29,Evening,Medium,Medium,Black,Upright,No Object,Visible,Sad,2,19,1.91
22,178,89,Female,29,Evening,Low,High,Blue,Upright,Purse,Partially Visible,Neutral,6,38,2.09
16,166,78,Male,40,Morning,Medium,Low,Purple,Upright,No Object,Visible,Neutral,9,55,2.43
22,182,53,Male,34,Evening,Medium,Low,Green,Bending,Purse,Visible,Sad,5,11,1.81
19,161,89,Male,28,Morning,Medium,Low,Red,Bending,Purse,Not Visible,Neutral,9,18,1.67
11,169,50,Male,35,Evening,High,Medium,Purple,Upright,No Object,Not Visible,Neutral,6,30,1.5
15,152,79,Male,37,Evening,Medium,High,Red,Upright,No Object,Not Visible,Neutral,10,14,1.29
15,172,55,Male,23,Morning,Medium,Medium,Purple,Upright,No Object,Partially Visible,Sad,5,47,2.07
19,156,48,Male,42,Afternoon,Medium,Low,Blue,Upright,Purse,Visible,Neutral,4,8,1.86
9,176,85,Female,27,Night,Medium,Low,Red,Upright,Purse,Partially Visible,Sad,1,7,1.75
11,181,87,Female,24,Afternoon,Low,Low,Blue,Upright,No Object,Visible,Neutral,3,24,2.29
9,183,50,Male,32,Evening,Medium,Medium,Brown,Moving,Bag,Not Visible,Sad,1,27,1.73
10,186,49,Male,16,Evening,Medium,Medium,Black,Moving,Laptop,Visible,Happy,2,43,2.44
8,150,75,Female,40,Morning,High,Low,Blue,Upright,No Object,Not Visible,Neutral,11,13,1.33
5,151,46,Female,47,Night,Low,Medium,Green,Upright,No Object,Partially Visible,Happy,6,48,2.41
23,186,82,Female,57,Afternoon,Very High,Medium,Blue,Upright,Purse,Visible,Sad,7,14,1.0
6,162,90,Male,25,Night,High,Low,Brown,Upright,No Object,Visible,Happy,5,57,2.48
22,146,82,Female,37,Afternoon,Medium,Medium,Purple,Upright,Bag,Visible,Neutral,8,33,1.93
5,157,56,Female,36,Evening,Medium,Medium,Blue,Mixed,Purse,Visible,Happy,7,47,2.27
20,182,54,Male,47,Afternoon,Medium,Medium,Purple,Moving,No Object,Not Visible,Happy,11,6,1.38
11,160,79,Female,41,Night,High,Low,Green,Upright,No Object,Visible,Neutral,9,44,1.97
15,148,48,Male,50,Morning,High,Low,Red,Upright,No Object,Visible,Neutral,7,28,1.76
10,177,71,Male,52,Night,High,High,Green,Bending,No Object,Visible,Happy,9,32,1.51
14,153,67,Female,17,Morning,Very High,Low,Purple,Mixed,No Object,Visible,Sad,7,6,1.14
14,160,82,Female,29,Night,Medium,High,Yellow,Upright,Laptop,Visible,Neutral,11,39,1.74
15,145,55,Female,43,Morning,High,Medium,Yellow,Moving,Purse,Not Visible,Sad,6,55,1.8
12,172,83,Male,38,Morning,Medium,Medium,Green,Upright,Bag,Partially Visible,Neutral,10,59,2.18
15,165,79,Male,35,Morning,High,High,Yellow,Moving,No Object,Not Visible,Neutral,2,53,1.87
21,184,56,Female,20,Evening,Medium,Low,Brown,Upright,No Object,Visible,Neutral,2,44,2.45
13,160,62,Female,39,Afternoon,High,Low,Yellow,Bending,Laptop,Visible,Happy,4,16,1.86
12,154,48,Female,47,Evening,Low,Low,Black,Upright,No Object,Visible,Neutral,10,25,2.16
7,152,67,Female,13,Night,Low,Medium,Black,Bending,No Object,Visible,Sad,10,8,1.55
12,154,58,Female,40,Morning,Medium,Medium,Purple,Bending,Bag,Visible,Happy,5,17,1.86
7,165,50,Male,55,Evening,Very High,High,Purple,Bending,Purse,Visible,Happy,5,18,1.24
8,148,72,Male,39,Evening,Medium,Medium,Black,Bending,Laptop,Partially Visible,Neutral,6,41,2.04
24,163,73,Male,57,Afternoon,Medium,Medium,Blue,Upright,No Object,Visible,Sad,3,6,1.6
6,183,49,Male,28,Night,Medium,Low,Green,Moving,Purse,Partially Visible,Neutral,6,56,2.39
14,179,54,Male,12,Evening,Medium,Low,Black,Upright,No Object,Partially Visible,Sad,10,45,2.02
21,173,49,Female,44,Morning,Very High,High,Brown,Bending,No Object,Partially Visible,Neutral,9,41,1.23
24,185,78,Male,22,Evening,Very High,Low,Green,Upright,No Object,Visible,Neutral,1,36,1.92
7,180,61,Female,12,Afternoon,High,High,Red,Upright,Laptop,Partially Visible,Sad,4,18,1.19
8,174,48,Male,20,Morning,High,Low,Yellow,Upright,No Object,Visible,Neutral,8,34,1.87
12,183,54,Female,56,Night,Low,Medium,Purple,Mixed,Purse,Visible,Neutral,7,40,2.29
16,150,93,Female,49,Morning,Medium,Low,Red,Bending,Laptop,Visible,Sad,8,51,2.22
24,181,57,Male,25,Morning,Medium,High,Green,Upright,Purse,Visible,Happy,9,42,1.88
9,158,79,Male,40,Morning,High,Low,Black,Moving,No Object,Visible,Happy,4,49,2.25
8,177,68,Male,28,Night,Low,Medium,Yellow,Upright,Purse,Partially Visible,Sad,6,30,1.98
10,186,54,Female,20,Evening,High,High,Yellow,Upright,No Object,Partially Visible,Neutral,2,27,1.49
22,167,60,Female,59,Night,Low,Medium,Green,Upright,No Object,Visible,Sad,8,47,2.25
5,148,45,Female,51,Afternoon,Medium,Low,Green,Moving,No Object,Visible,Sad,5,38,2.18
12,161,82,Female,29,Morning,Medium,High,Green,Mixed,Purse,Visible,Neutral,4,26,1.74
7,163,61,Male,28,Afternoon,High,Medium,Blue,Mixed,Purse,Not Visible,Neutral,9,29,1.39
8,187,69,Female,51,Morning,High,Low,Black,Upright,Bag,Visible,Neutral,11,35,1.76
23,187,52,Male,34,Evening,Medium,Medium,Blue,Upright,No Object,Visible,Happy,10,39,2.07
5,170,86,Female,30,Afternoon,High,High,Red,Moving,No Object,Visible,Neutral,2,24,1.5
11,187,55,Female,30,Night,High,Medium,Brown,Upright,No Object,Partially Visible,Sad,9,13,1.18
23,164,73,Female,33,Afternoon,Medium,High,Yellow,Bending,Bag,Visible,Sad,7,54,1.95
17,163,88,Female,37,Afternoon,High,Medium,Green,Mixed,Laptop,Visible,Sad,2,21,1.55
6,182,80,Female,13,Night,Low,Medium,Green,Upright,Bag,Visible,Sad,5,13,1.78
14,175,75,Female,35,Evening,Medium,Low,Green,Upright,No Object,Partially Visible,Happy,3,18,2.1
24,168,89,Male,33,Morning,Low,Medium,Red,Moving,No Object,Visible,Neutral,3,52,2.66
13,165,53,Male,25,Afternoon,Medium,Low,Black,Bending,Purse,Not Visible,Happy,7,14,1.72
15,176,93,Female,29,Afternoon,Medium,Low,Black,Mixed,No Object,Not Visible,Neutral,5,43,2.19
15,178,72,Male,32,Evening,Low,Low,Purple,Bending,No Object,Partially Visible,Sad,8,27,2.04
18,167,65,Male,29,Evening,Medium,High,Green,Upright,No Object,Not Visible,Sad,9,38,1.5
8,146,57,Male,55,Evening,High,Low,Yellow,Moving,No Object,Not Visible,Sad,1,44,1.95
21,149,82,Female,37,Night,High,Low,Green,Moving,No Object,Visible,Neutral,10,17,1.42
24,151,93,Female,36,Evening,Low,Low,Blue,Mixed,Bag,Partially Visible,Neutral,2,26,2.37
7,165,79,Female,24,Afternoon,Low,Low,Green,Upright,Purse,Partially Visible,Happy,1,48,2.87
21,172,46,Female,55,Morning,Medium,High,Purple,Bending,Purse,Partially Visible,Neutral,2,59,2.28
21,181,68,Female,13,Evening,High,Medium,Blue,Upright,No Object,Partially Visible,Neutral,1,51,2.01
19,155,81,Female,38,Afternoon,Very High,Medium,Yellow,Upright,Purse,Not Visible,Sad,4,21,1.06
12,180,64,Male,20,Afternoon,Medium,High,Brown,Mixed,No Object,Not Visible,Neutral,10,18,1.25
14,174,83,Female,48,Night,High,Low,Yellow,Mixed,No Object,Visible,Neutral,8,57,2.1
21,147,80,Female,30,Night,Medium,High,Yellow,Bending,No Object,Partially Visible,Sad,5,42,1.72
8,160,48,Male,26,Afternoon,Very High,High,Black,Mixed,No Object,Partially Visible,Happy,11,15,0.85
21,158,72,Male,14,Evening,Low,Medium,Brown,Upright,Laptop,Not Visible,Neutral,6,40,2.18
23,184,53,Female,49,Night,Medium,Medium,Red,Moving,Laptop,Visible,Sad,1,22,1.75
18,186,69,Female,31,Morning,Medium,Medium,Brown,Bending,No Object,Visible,Sad,1,13,1.65
11,181,64,Male,24,Afternoon,Medium,High,Brown,Moving,Purse,Visible,Happy,6,14,1.59
16,168,85,Male,52,Evening,Low,Low,Red,Moving,No Object,Visible,Neutral,3,25,2.4
6,167,88,Female,12,Afternoon,Low,Medium,Black,Bending,No Object,Visible,Neutral,5,18,2.16
23,159,68,Female,34,Night,Medium,Low,Black,Moving,Purse,Visible,Happy,4,48,2.57
11,179,71,Female,19,Afternoon,High,Medium,Green,Upright,Purse,Visible,Happy,5,13,1.51
6,148,76,Female,18,Morning,High,High,Red,Moving,Purse,Not Visible,Neutral,11,15,0.92
20,157,77,Female,13,Afternoon,Low,Medium,Red,Upright,No Object,Visible,Neutral,1,39,2.49
18,151,76,Female,20,Afternoon,Very High,Low,Blue,Upright,Purse,Visible,Neutral,2,28,1.62
17,167,84,Male,57,Night,Medium,Medium,Blue,Moving,No Object,Partially Visible,Happy,4,16,1.86
6,158,94,Male,33,Morning,Very High,High,Blue,Moving,No Object,Visible,Happy,9,8,0.95
20,153,86,Female,59,Morning,Low,Medium,Brown,Mixed,No Object,Partially Visible,Neutral,3,9,1.86
17,161,51,Male,24,Morning,High,High,Green,Upright,No Object,Not Visible,Happy,3,21,1.32
20,183,68,Female,48,Evening,Very High,High,Red,Upright,No Object,Visible,Happy,8,19,1.18
21,170,68,Male,16,Night,High,High,Red,Bending,No Object,Visible,Happy,7,36,1.63
9,182,70,Male,17,Evening,High,Low,Brown,Moving,Purse,Visible,Neutral,8,42,1.98
9,186,71,Male,12,Night,Medium,Medium,Purple,Mixed,No Object,Visible,Neutral,8,14,1.61
23,185,80,Male,55,Night,High,High,Yellow,Moving,No Object,Partially Visible,Sad,7,28,1.15
15,160,66,Female,44,Evening,Medium,High,Yellow,Upright,Bag,Visible,Neutral,7,30,1.7
13,184,58,Female,47,Evening,Medium,Low,Green,Moving,Laptop,Visible,Happy,6,13,1.9
10,185,67,Female,56,Morning,Very High,Low,Brown,Upright,No Object,Visible,Happy,9,31,1.61
17,188,87,Male,27,Night,Medium,Low,Red,Mixed,No Object,Visible,Sad,4,8,1.73
20,160,60,Female,46,Night,Medium,High,Blue,Bending,No Object,Visible,Happy,4,22,1.84
5,155,46,Male,36,Night,Very High,High,Red,Upright,Bag,Partially Visible,Happy,3,45,1.59
16,171,93,Male,38,Night,Medium,Medium,Blue,Bending,No Object,Visible,Happy,10,18,1.7
24,186,54,Male,43,Afternoon,Low,Low,Green,Moving,No Object,Partially Visible,Neutral,1,43,2.58
10,185,75,Male,34,Morning,Medium,Low,Red,Upright,Purse,Not Visible,Neutral,3,10,1.7
10,170,85,Male,13,Night,High,High,Yellow,Upright,Purse,Partially Visible,Neutral,2,30,1.42
22,151,58,Male,15,Afternoon,Very High,Low,Yellow,Moving,No Object,Visible,Happy,5,54,2.11
6,164,62,Male,36,Night,Low,Low,Brown,Mixed,No Object,Visible,Neutral,3,34,2.42
12,177,59,Female,39,Evening,High,Low,Blue,Bending,No Object,Partially Visible,Happy,6,49,2.18
14,170,52,Female,47,Afternoon,Medium,High,Purple,Upright,No Object,Partially Visible,Neutral,11,18,1.26
20,160,52,Male,39,Afternoon,High,Medium,Red,Bending,No Object,Not Visible,Sad,5,15,1.13
7,160,54,Male,21,Evening,High,Low,Purple,Upright,Laptop,Visible,Happy,11,31,1.87
13,147,67,Male,29,Afternoon,Very High,Low,Yellow,Upright,Purse,Visible,Neutral,4,18,1.48
8,157,71,Female,33,Afternoon,Medium,High,Blue,Upright,Purse,Visible,Neutral,9,45,1.78
20,175,45,Female,59,Morning,Medium,Medium,Blue,Upright,Purse,Not Visible,Neutral,2,24,1.76
17,155,87,Male,37,Evening,Medium,Medium,Brown,Upright,Purse,Partially Visible,Neutral,7,47,2.08
14,189,78,Male,42,Morning,Medium,Low,Yellow,Upright,No Object,Not Visible,Neutral,9,6,1.46
12,148,48,Male,47,Morning,Medium,Low,Black,Upright,Purse,Partially Visible,Neutral,8,23,1.84
8,171,87,Male,29,Morning,Low,High,Red,Bending,No Object,Not Visible,Neutral,11,18,1.51
23,167,46,Male,58,Evening,Low,High,Black,Upright,No Object,Partially Visible,Neutral,7,42,2.06
17,182,73,Male,44,Morning,Very High,Medium,Black,Upright,No Object,Not Visible,Happy,7,16,1.09
11,184,68,Female,52,Afternoon,Low,High,Green,Bending,Purse,Not Visible,Neutral,8,31,1.79
13,169,70,Female,47,Morning,Medium,Low,Purple,Moving,Purse,Not Visible,Neutral,4,24,1.9
19,173,92,Female,41,Evening,High,High,Green,Moving,No Object,Not Visible,Neutral,3,45,1.73
19,176,91,Male,13,Morning,Low,Low,Blue,Upright,No Object,Partially Visible,Neutral,10,25,2.07
14,168,58,Male,40,Morning,Low,Low,Brown,Moving,Laptop,Partially Visible,Neutral,11,42,2.31
11,153,73,Male,18,Afternoon,Medium,High,Brown,Moving,No Object,Partially Visible,Sad,11,9,1.09
18,164,92,Male,40,Evening,Medium,High,Brown,Bending,No Object,Partially Visible,Neutral,9,46,1.79
18,155,81,Male,45,Morning,Medium,High,Black,Bending,Purse,Partially Visible,Neutral,3,40,1.86
16,165,89,Male,38,Afternoon,High,Medium,Green,Upright,Purse,Partially Visible,Happy,3,14,1.58
6,172,66,Male,26,Night,Low,High,Blue,Upright,No Object,Visible,Neutral,4,10,1.77
14,154,59,Male,14,Evening,Low,Medium,Red,Upright,No Object,Partially Visible,Neutral,6,22,2.07
17,156,70,Female,44,Night,Low,Low,Blue,Upright,Bag,Not Visible,Sad,3,59,2.63
24,182,85,Female,45,Afternoon,Medium,Medium,Brown,Mixed,No Object,Partially Visible,Sad,9,19,1.5
15,161,91,Female,34,Night,Medium,Medium,Green,Upright,Laptop,Visible,Happy,1,31,2.24
11,153,79,Male,46,Morning,Very High,Medium,Yellow,Bending,Purse,Not Visible,Sad,11,29,0.94
16,177,80,Male,49,Evening,Low,High,Yellow,Mixed,Laptop,Partially Visible,Neutral,5,21,1.74
8,177,70,Female,36,Afternoon,Medium,Medium,Black,Bending,No Object,Visible,Neutral,5,30,1.9
6,182,60,Female,14,Morning,Medium,Low,Red,Upright,No Object,Partially Visible,Neutral,5,14,1.84
18,179,66,Female,53,Night,High,Low,Red,Mixed,No Object,Partially Visible,Neutral,6,41,2.01
24,189,69,Male,34,Evening,High,High,Blue,Upright,No Object,Partially Visible,Sad,7,13,1.04
21,170,85,Female,44,Morning,Low,Low,Blue,Upright,No Object,Visible,Happy,4,36,2.61
16,157,72,Female,55,Morning,High,High,Red,Upright,No Object,Visible,Neutral,4,22,1.51
5,183,84,Female,29,Evening,Medium,Low,Yellow,Upright,No Object,Not Visible,Happy,5,36,2.16
24,156,46,Female,41,Evening,High,Low,Green,Moving,Purse,Not Visible,Happy,2,35,1.95
13,158,82,Male,12,Morning,Low,High,Yellow,Upright,No Object,Visible,Neutral,3,39,2.23
10,182,70,Female,54,Night,High,Medium,Blue,Moving,No Object,Not Visible,Neutral,5,38,1.72
22,184,94,Female,14,Evening,High,High,Red,Upright,No Object,Visible,Sad,1,20,1.33
19,160,68,Male,37,Afternoon,High,Low,Red,Mixed,Purse,Visible,Neutral,5,37,1.9
19,177,68,Male,28,Morning,Low,Medium,Black,Upright,No Object,Partially Visible,Neutral,5,17,1.93
10,186,51,Male,13,Afternoon,High,Medium,Black,Mixed,Purse,Visible,Sad,1,26,1.68
24,180,85,Female,34,Afternoon,High,High,Black,Upright,No Object,Visible,Neutral,6,16,1.13
14,145,80,Male,56,Morning,Medium,Low,Purple,Moving,Purse,Not Visible,Neutral,8,34,1.99
15,174,88,Female,20,Afternoon,Medium,Low,Brown,Moving,Purse,Partially Visible,Sad,9,47,2.0
20,152,49,Female,26,Morning,Low,Medium,Yellow,Bending,Purse,Visible,Neutral,5,38,2.36
18,183,55,Male,21,Morning,Medium,High,Red,Upright,Purse,Visible,Neutral,6,10,1.34
8,148,88,Male,17,Morning,High,High,Black,Bending,Bag,Partially Visible,Neutral,1,9,1.17
11,189,47,Female,23,Afternoon,Medium,High,Brown,Bending,No Object,Partially Visible,Neutral,4,22,1.63
12,152,70,Female,39,Afternoon,High,Medium,Brown,Bending,No Object,Visible,Neutral,8,37,1.78
23,163,65,Male,49,Afternoon,High,Medium,Purple,Bending,Bag,Visible,Neutral,6,20,1.52
19,155,91,Female,45,Evening,High,High,Black,Mixed,Laptop,Partially Visible,Neutral,11,59,1.81
12,181,87,Male,49,Evening,High,High,Green,Mixed,Purse,Partially Visible,Happy,9,37,1.49
19,162,89,Female,46,Morning,High,High,Purple,Bending,No Object,Not Visible,Happy,10,54,1.64
19,178,59,Female,30,Night,Medium,High,Green,Upright,No Object,Visible,Neutral,6,55,2.1
12,148,74,Female,55,Evening,Low,High,Black,Upright,Laptop,Not Visible,Happy,1,10,1.78
13,165,80,Male,20,Afternoon,High,Low,Red,Moving,Purse,Not Visible,Neutral,7,53,2.02
22,185,93,Male,45,Morning,Very High,Low,Blue,Mixed,No Object,Visible,Happy,11,7,1.19
16,186,45,Female,17,Night,Medium,High,Red,Upright,No Object,Visible,Happy,2,10,1.71
7,154,93,Female,48,Evening,Very High,Medium,Green,Upright,Purse,Partially Visible,Sad,11,34,1.16
19,162,62,Female,16,Afternoon,Very High,Low,Purple,Upright,Purse,Not Visible,Neutral,1,34,1.73
16,163,51,Male,22,Morning,Medium,Medium,Red,Upright,Bag,Visible,Neutral,7,40,2.02
15,170,75,Female,30,Morning,High,Medium,Purple,Mixed,No Object,Visible,Happy,11,7,1.31
19,169,84,Female,45,Afternoon,High,High,Purple,Bending,No Object,Partially Visible,Happy,3,10,1.35
23,149,51,Male,14,Morning,Low,High,Red,Upright,No Object,Not Visible,Happy,3,48,2.31
11,179,47,Female,24,Morning,Low,Low,Red,Upright,No Object,Visible,Happy,9,37,2.47
13,155,89,Male,28,Afternoon,Medium,Medium,Purple,Upright,No Object,Visible,Happy,4,25,1.92
8,159,91,Female,47,Morning,High,Low,Brown,Bending,No Object,Visible,Neutral,8,15,1.57
17,182,52,Female,58,Afternoon,Medium,High,Blue,Bending,No Object,Not Visible,Happy,2,16,1.64
13,176,90,Female,41,Night,High,Low,Purple,Upright,No Object,Partially Visible,Neutral,8,21,1.57
11,162,90,Male,36,Night,High,Medium,Black,Upright,Laptop,Visible,Neutral,6,31,1.65
18,186,94,Female,28,Morning,High,Medium,Brown,Mixed,No Object,Not Visible,Happy,6,49,1.83
13,162,55,Female,51,Evening,Medium,Medium,Brown,Moving,No Object,Partially Visible,Sad,9,28,1.62
14,170,73,Female,17,Night,Medium,Medium,Blue,Bending,Purse,Not Visible,Neutral,5,29,1.78
13,156,94,Male,18,Evening,Low,Medium,Green,Upright,No Object,Visible,Neutral,8,56,2.57
10,153,90,Female,21,Afternoon,Low,Medium,Red,Mixed,Purse,Visible,Neutral,5,10,1.83
7,167,75,Male,24,Afternoon,Low,Low,Black,Moving,Laptop,Visible,Neutral,10,6,1.85
21,170,54,Female,34,Morning,Low,Low,Purple,Mixed,Purse,Visible,Neutral,7,59,2.69
6,181,49,Female,57,Afternoon,Low,Medium,Brown,Upright,No Object,Not Visible,Sad,4,57,2.41
11,162,57,Female,43,Night,Medium,Low,Brown,Upright,Laptop,Partially Visible,Neutral,10,27,1.92
18,185,48,Female,30,Evening,Medium,High,Blue,Upright,Bag,Visible,Neutral,4,17,1.7
7,172,54,Female,22,Afternoon,Medium,Low,Black,Moving,Laptop,Partially Visible,Sad,11,11,1.49
18,148,48,Female,43,Morning,Very High,High,Purple,Bending,No Object,Partially Visible,Neutral,11,12,0.78
19,178,83,Female,24,Night,Medium,Low,Red,Upright,Purse,Partially Visible,Sad,7,54,2.25
18,170,74,Female,58,Morning,Very High,High,Blue,Mixed,Purse,Visible,Neutral,6,45,1.49
11,162,70,Male,34,Evening,High,Low,Yellow,Mixed,No Object,Not Visible,Neutral,3,51,2.1
5,166,85,Male,38,Afternoon,Low,Medium,Red,Upright,No Object,Partially Visible,Neutral,10,33,2.05
22,158,65,Female,55,Afternoon,Very High,Low,Blue,Bending,Laptop,Not Visible,Neutral,3,41,1.8
11,172,65,Male,26,Morning,Very High,Medium,Purple,Bending,No Object,Partially Visible,Happy,7,54,1.8
21,170,55,Female,34,Afternoon,High,Low,Red,Upright,Laptop,Partially Visible,Neutral,9,24,1.59
8,165,67,Male,37,Evening,Medium,High,Black,Bending,Bag,Visible,Happy,2,34,2.05
8,157,53,Male,25,Afternoon,Medium,Medium,Green,Upright,No Object,Partially Visible,Neutral,2,20,1.8
20,162,74,Female,14,Morning,Medium,High,Green,Mixed,No Object,Visible,Neutral,11,32,1.63
23,167,94,Female,25,Afternoon,High,Medium,Blue,Moving,Bag,Not Visible,Sad,11,16,1.02
22,166,71,Male,17,Morning,Medium,Medium,Blue,Mixed,No Object,Visible,Happy,4,16,1.95
20,158,59,Male,44,Afternoon,Low,High,Yellow,Moving,Purse,Visible,Neutral,3,24,2.04
9,171,79,Female,12,Night,Low,Low,Red,Upright,No Object,Partially Visible,Neutral,8,57,2.72
23,155,86,Male,27,Night,Low,Medium,Red,Upright,No Object,Partially Visible,Neutral,7,19,1.89
18,167,68,Male,54,Night,Medium,Low,Blue,Moving,No Object,Partially Visible,Happy,3,41,2.41
8,150,57,Female,39,Morning,Medium,Medium,Yellow,Upright,No Object,Partially Visible,Neutral,3,36,2.03
7,166,80,Female,44,Afternoon,Very High,Low,Green,Moving,Bag,Partially Visible,Neutral,7,38,1.62
22,180,54,Female,44,Morning,Low,Medium,Red,Upright,No Object,Not Visible,Neutral,4,12,1.86
10,181,94,Female,26,Afternoon,Medium,Medium,Black,Upright,No Object,Visible,Neutral,6,48,2.11
20,176,60,Female,42,Evening,Low,Medium,Brown,Bending,Purse,Partially Visible,Happy,8,48,2.44
7,178,62,Female,22,Night,Medium,Low,Black,Bending,Bag,Not Visible,Neutral,3,10,1.83
10,147,81,Male,42,Afternoon,High,Medium,Red,Bending,No Object,Visible,Sad,7,26,1.53
10,160,45,Male,44,Morning,Medium,High,Purple,Bending,Purse,Visible,Happy,11,52,2.1
10,174,55,Male,54,Afternoon,Very High,Low,Purple,Upright,No Object,Visible,Happy,6,18,1.58
18,181,51,Female,56,Afternoon,Very High,Low,Purple,Moving,Laptop,Partially Visible,Sad,2,32,1.52
23,171,64,Female,13,Evening,High,High,Purple,Bending,Purse,Partially Visible,Happy,9,50,1.7
23,183,72,Male,26,Morning,High,High,Green,Bending,Laptop,Visible,Neutral,5,49,1.77
19,157,53,Female,38,Evening,Medium,Low,Green,Upright,Purse,Visible,Neutral,8,26,1.92
9,151,62,Male,27,Afternoon,Medium,Medium,Purple,Bending,Bag,Visible,Neutral,1,44,2.33
24,148,83,Female,41,Evening,Medium,Low,Black,Upright,No Object,Visible,Neutral,8,56,2.5
15,171,91,Male,53,Night,High,High,Purple,Bending,Purse,Visible,Neutral,8,29,1.44
15,174,45,Male,24,Morning,Low,Medium,Brown,Upright,Purse,Partially Visible,Sad,1,58,2.58
19,157,76,Male,54,Night,Low,Medium,Purple,Moving,No Object,Not Visible,Neutral,6,47,2.28
20,180,46,Male,54,Morning,Low,Low,Red,Moving,Bag,Partially Visible,Neutral,6,40,2.45
24,178,71,Female,55,Night,High,Medium,Brown,Bending,Purse,Not Visible,Sad,7,44,1.46
16,161,88,Male,15,Afternoon,High,Low,Yellow,Moving,Laptop,Not Visible,Happy,7,15,1.57
17,155,84,Male,26,Evening,Low,High,Blue,Bending,No Object,Partially Visible,Sad,8,5,1.33
19,178,56,Female,17,Night,Medium,Medium,Yellow,Upright,Laptop,Partially Visible,Sad,11,50,1.87
10,175,57,Male,17,Evening,Medium,Medium,Blue,Moving,No Object,Not Visible,Sad,9,44,1.77
11,152,84,Female,14,Afternoon,High,High,Purple,Mixed,Bag,Partially Visible,Happy,4,56,1.94
17,156,85,Female,33,Night,Low,Low,Purple,Upright,No Object,Visible,Neutral,11,32,2.18
6,166,59,Female,16,Afternoon,Low,Low,Red,Upright,Purse,Visible,Sad,6,26,2.13
11,168,45,Female,26,Evening,High,Medium,Black,Bending,No Object,Partially Visible,Neutral,10,51,1.71
19,152,67,Male,59,Evening,Medium,High,Green,Upright,Purse,Not Visible,Neutral,6,56,1.91
24,187,75,Female,54,Afternoon,High,Low,Purple,Bending,No Object,Partially Visible,Happy,4,49,2.18
15,162,67,Female,56,Morning,Medium,High,Green,Bending,Laptop,Visible,Happy,8,50,2.03
12,162,91,Female,13,Afternoon,Very High,Medium,Yellow,Moving,Laptop,Partially Visible,Sad,8,14,0.95
13,147,85,Female,43,Night,Medium,Medium,Red,Upright,No Object,Not Visible,Sad,2,52,2.04
18,184,84,Male,42,Evening,Medium,Medium,Blue,Upright,Laptop,Partially Visible,Happy,1,6,1.66
15,155,46,Male,18,Evening,Very High,Low,Purple,Moving,Purse,Visible,Happy,9,46,1.85
5,189,87,Female,55,Afternoon,Low,Low,Green,Upright,No Object,Visible,Neutral,2,15,2.19
15,167,82,Female,31,Evening,High,High,Yellow,Bending,No Object,Visible,Happy,6,7,1.34
13,184,64,Male,58,Afternoon,Low,Medium,Purple,Upright,No Object,Not Visible,Neutral,6,45,2.24
19,153,74,Male,17,Morning,Medium,Medium,Purple,Upright,No Object,Visible,Neutral,5,23,1.77
22,152,86,Male,43,Morning,Low,High,Red,Upright,Purse,Not Visible,Neutral,6,52,2.19
24,181,90,Male,18,Afternoon,Medium,Low,Blue,Upright,Purse,Visible,Neutral,11,20,1.8
17,181,72,Male,57,Evening,High,Medium,Yellow,Moving,No Object,Not Visible,Happy,6,43,1.81
12,169,47,Female,41,Afternoon,Low,Low,Purple,Bending,Bag,Visible,Neutral,10,40,2.46
13,146,75,Female,15,Morning,Low,Low,Purple,Moving,No Object,Partially Visible,Sad,6,50,2.4
8,187,79,Female,22,Afternoon,Medium,High,Yellow,Moving,Laptop,Partially Visible,Happy,6,52,2.16
23,162,47,Male,29,Afternoon,Medium,High,Red,Upright,Laptop,Partially Visible,Happy,8,37,1.8
21,187,85,Female,12,Evening,Medium,Low,Yellow,Upright,Purse,Partially Visible,Neutral,3,24,2.02
22,184,55,Female,12,Afternoon,Very High,High,Blue,Moving,Purse,Visible,Happy,11,32,1.2
11,183,89,Female,56,Afternoon,Low,Low,Yellow,Upright,No Object,Visible,Neutral,11,38,2.29
11,175,72,Male,59,Morning,Medium,High,Black,Upright,Laptop,Visible,Sad,2,58,2.14
22,175,61,Male,37,Evening,Medium,High,Blue,Upright,Purse,Partially Visible,Happy,2,14,1.56
15,168,47,Male,55,Night,Medium,Low,Yellow,Bending,Laptop,Partially Visible,Neutral,4,9,1.78
19,146,45,Female,43,Evening,Medium,Medium,Purple,Upright,No Object,Visible,Happy,3,30,2.14
14,162,82,Male,13,Afternoon,High,High,Black,Upright,Purse,Partially Visible,Neutral,1,28,1.46
13,177,63,Female,46,Afternoon,High,Low,Yellow,Bending,No Object,Visible,Neutral,9,54,2.15
17,181,87,Male,12,Afternoon,High,Low,Red,Moving,Purse,Visible,Sad,3,20,1.74
21,170,56,Female,51,Morning,Medium,Medium,Blue,Upright,Purse,Visible,Happy,5,13,1.78
11,176,91,Male,29,Morning,High,Low,Red,Moving,No Object,Partially Visible,Neutral,11,11,1.3
21,145,92,Male,18,Night,Very High,Low,Blue,Upright,No Object,Visible,Sad,5,54,1.93
9,166,50,Female,24,Night,Very High,Low,Green,Upright,No Object,Not Visible,Neutral,1,38,1.73
13,167,77,Female,44,Night,Very High,Medium,Black,Upright,No Object,Partially Visible,Neutral,3,58,1.84
23,185,91,Female,52,Evening,Medium,Low,Green,Upright,No Object,Partially Visible,Happy,3,19,2.11
24,158,61,Male,39,Night,Very High,Medium,Black,Upright,No Object,Visible,Neutral,7,9,1.09
23,155,48,Male,19,Afternoon,High,Low,Blue,Moving,No Object,Partially Visible,Neutral,5,30,1.87
11,160,88,Male,55,Afternoon,High,Low,Green,Upright,Purse,Not Visible,Happy,1,14,1.72
21,152,68,Female,49,Morning,High,Medium,Yellow,Mixed,Purse,Partially Visible,Neutral,4,12,1.4
23,170,46,Male,31,Morning,Very High,Low,Black,Upright,No Object,Visible,Neutral,6,53,2.0
24,173,87,Male,38,Evening,Medium,Medium,Red,Upright,No Object,Visible,Neutral,6,26,1.74
5,181,78,Female,58,Morning,High,Medium,Green,Bending,Purse,Visible,Sad,5,8,1.31
19,188,48,Male,30,Night,High,Medium,Yellow,Moving,No Object,Visible,Neutral,11,16,1.28
24,148,57,Male,13,Night,High,Low,Blue,Upright,No Object,Partially Visible,Neutral,6,25,1.72
20,156,45,Male,18,Afternoon,High,High,Purple,Upright,No Object,Visible,Neutral,8,54,1.87
9,158,92,Female,40,Evening,Low,Low,Green,Bending,Bag,Not Visible,Neutral,7,40,2.29
20,156,46,Male,59,Morning,Medium,High,Brown,Upright,No Object,Visible,Neutral,5,33,1.79
7,182,84,Male,47,Afternoon,Medium,Low,Black,Bending,Bag,Partially Visible,Happy,1,37,2.39
14,151,70,Male,41,Morning,High,Low,Brown,Moving,No Object,Not Visible,Neutral,8,48,1.83
17,146,74,Female,27,Morning,High,Medium,Yellow,Upright,No Object,Visible,Neutral,10,15,1.43
14,183,85,Female,33,Morning,High,Low,Blue,Moving,No Object,Visible,Neutral,10,31,1.74
18,188,89,Male,13,Night,High,Medium,Green,Upright,Purse,Partially Visible,Happy,9,26,1.64
9,155,51,Male,29,Evening,Medium,High,Black,Moving,Purse,Visible,Happy,3,7,1.59
17,159,45,Male,41,Night,Low,High,Blue,Mixed,Purse,Partially Visible,Neutral,5,35,2.02
17,167,51,Female,55,Night,High,Medium,Green,Bending,Bag,Not Visible,Happy,8,43,1.81
17,168,79,Male,56,Night,Very High,High,Purple,Mixed,Purse,Partially Visible,Neutral,9,41,1.18
10,189,73,Male,51,Night,High,Medium,Blue,Moving,No Object,Not Visible,Neutral,7,7,1.13
11,163,49,Male,13,Morning,Very High,Low,Blue,Upright,Purse,Visible,Happy,1,26,1.86
10,145,56,Female,50,Night,Very High,High,Brown,Upright,No Object,Visible,Sad,9,26,0.96
14,164,71,Female,22,Evening,Medium,Low,Red,Upright,Purse,Visible,Neutral,7,13,1.79
16,170,81,Female,41,Morning,High,Low,Red,Upright,Laptop,Partially Visible,Happy,1,35,2.17
12,168,62,Male,57,Morning,Medium,Low,Purple,Bending,No Object,Visible,Sad,6,34,2.11
13,168,92,Male,54,Night,Medium,Low,Blue,Upright,No Object,Visible,Neutral,9,47,2.34
10,186,94,Male,43,Night,Low,Low,Red,Bending,Purse,Not Visible,Neutral,11,46,2.25
9,181,83,Male,26,Afternoon,Low,Low,Brown,Upright,No Object,Visible,Happy,9,54,2.71
18,156,67,Female,37,Morning,Low,Medium,Black,Upright,No Object,Visible,Sad,3,28,2.09
21,160,88,Female,45,Afternoon,High,High,Black,Upright,Purse,Visible,Happy,8,16,1.38
10,175,81,Male,36,Morning,Low,High,Black,Mixed,No Object,Visible,Neutral,8,34,1.93
22,163,70,Female,31,Evening,Medium,Low,Blue,Upright,No Object,Visible,Sad,3,41,2.18
16,164,67,Male,31,Afternoon,Medium,Low,Purple,Upright,Purse,Visible,Sad,10,23,1.72
8,152,86,Female,40,Morning,Medium,Medium,Red,Upright,No Object,Visible,Neutral,2,30,1.99
12,156,72,Female,13,Night,Very High,Low,Black,Mixed,No Object,Not Visible,Happy,9,55,1.89
5,178,54,Male,59,Night,Medium,Low,Blue,Upright,Bag,Visible,Neutral,9,47,2.31
5,182,94,Female,16,Night,Low,Medium,Brown,Bending,No Object,Partially Visible,Sad,11,38,1.92
11,180,48,Female,59,Night,Very High,High,Black,Upright,No Object,Partially Visible,Neutral,8,56,1.48
14,158,79,Male,13,Morning,High,Low,Green,Upright,Laptop,Partially Visible,Sad,1,5,1.3
20,151,77,Male,36,Night,High,Medium,Black,Moving,No Object,Not Visible,Happy,11,34,1.52
7,152,74,Female,32,Night,High,Medium,Blue,Bending,Bag,Visible,Sad,5,19,1.48
21,162,47,Male,39,Night,Low,High,Red,Bending,Purse,Visible,Happy,6,20,1.93
9,168,69,Male,32,Afternoon,High,Low,Purple,Upright,Purse,Visible,Neutral,10,48,1.95
7,185,89,Female,55,Afternoon,Low,High,Brown,Mixed,No Object,Visible,Sad,3,48,2.3
18,185,56,Female,12,Night,Medium,High,Brown,Bending,No Object,Not Visible,Neutral,8,31,1.48
20,145,79,Female,59,Morning,Low,Low,Purple,Mixed,Laptop,Partially Visible,Neutral,9,33,2.3
17,176,87,Male,45,Evening,High,Medium,Purple,Upright,No Object,Visible,Neutral,6,37,1.92
7,158,92,Female,49,Night,Low,Medium,Brown,Upright,Purse,Visible,Sad,9,53,2.3
7,153,70,Male,18,Night,Medium,Low,Yellow,Upright,Laptop,Not Visible,Happy,8,6,1.7
12,169,60,Female,15,Evening,Low,Medium,Black,Moving,Purse,Partially Visible,Happy,6,36,2.22
14,146,79,Female,31,Night,High,Medium,Blue,Moving,No Object,Visible,Neutral,2,8,1.37
24,160,69,Male,27,Night,Medium,High,Brown,Upright,Purse,Not Visible,Sad,9,56,1.72
10,169,76,Female,49,Night,Medium,Low,Purple,Upright,Purse,Partially Visible,Sad,9,18,1.67
8,157,82,Female,55,Morning,Medium,Medium,Purple,Upright,No Object,Visible,Neutral,4,5,1.61
23,171,80,Female,32,Morning,High,Low,Black,Upright,Laptop,Visible,Neutral,10,49,2.01
8,165,57,Male,48,Afternoon,Low,Medium,Purple,Moving,No Object,Partially Visible,Neutral,3,45,2.34
5,180,82,Female,14,Afternoon,Very High,Medium,Blue,Upright,Bag,Visible,Neutral,2,54,1.89
13,153,72,Male,47,Afternoon,Medium,Medium,Red,Upright,No Object,Not Visible,Happy,2,24,1.88
13,147,91,Male,16,Morning,Low,Medium,Green,Upright,No Object,Partially Visible,Happy,7,20,1.98
17,168,77,Male,44,Evening,Low,Low,Blue,Upright,Purse,Partially Visible,Happy,4,41,2.56
22,156,89,Female,30,Morning,Low,Low,Purple,Mixed,No Object,Partially Visible,Happy,8,57,2.74
23,176,93,Female,31,Night,Medium,Medium,Red,Upright,No Object,Not Visible,Happy,8,56,2.17
10,149,94,Female,25,Evening,Medium,Low,Black,Mixed,No Object,Visible,Sad,5,26,1.95
24,170,82,Male,31,Night,Very High,High,Yellow,Bending,Laptop,Visible,Happy,3,40,1.51
17,189,74,Female,53,Morning,Medium,Medium,Red,Bending,No Object,Partially Visible,Sad,11,50,1.9
6,149,50,Male,50,Afternoon,Low,High,Red,Upright,Purse,Visible,Sad,10,45,1.99
23,158,64,Male,28,Night,Medium,Low,Black,Bending,Purse,Partially Visible,Neutral,4,38,2.19
7,182,68,Female,26,Afternoon,Low,Medium,Purple,Bending,Purse,Partially Visible,Neutral,3,13,1.93
16,169,84,Female,36,Evening,Low,Low,Red,Upright,No Object,Visible,Neutral,9,39,2.44
20,152,74,Female,44,Morning,Medium,High,Red,Mixed,No Object,Visible,Happy,8,14,1.49
9,154,66,Male,20,Night,Low,Medium,Purple,Upright,Bag,Partially Visible,Neutral,6,29,2.08
10,179,52,Female,46,Afternoon,Low,Medium,Brown,Upright,Purse,Visible,Neutral,6,36,2.19
14,183,80,Female,57,Night,Very High,Medium,Brown,Upright,Bag,Visible,Neutral,8,6,1.0
22,161,66,Female,52,Afternoon,High,Low,Blue,Bending,Purse,Visible,Sad,3,28,1.78
9,166,46,Male,38,Morning,Very High,Medium,Green,Upright,Laptop,Visible,Neutral,11,22,1.15
18,180,59,Male,27,Evening,Medium,High,Black,Upright,Bag,Partially Visible,Neutral,7,11,1.39
14,152,88,Female,27,Afternoon,Very High,Low,Blue,Upright,No Object,Not Visible,Happy,2,40,1.87
7,154,50,Female,47,Afternoon,Medium,High,Black,Upright,Bag,Partially Visible,Sad,11,45,1.67
19,179,65,Female,33,Night,Low,High,Purple,Upright,No Object,Partially Visible,Sad,11,54,1.98
21,153,70,Female,17,Afternoon,High,High,Yellow,Moving,No Object,Visible,Neutral,11,43,1.57
16,179,49,Male,44,Afternoon,Low,High,Purple,Upright,No Object,Not Visible,Neutral,8,15,1.57
8,167,53,Female,18,Evening,Medium,Low,Black,Mixed,No Object,Not Visible,Neutral,4,10,1.68
8,189,92,Male,59,Morning,High,Medium,Yellow,Bending,No Object,Not Visible,Happy,6,50,1.94
13,146,74,Female,32,Night,High,Low,Green,Moving,Purse,Visible,Sad,6,7,1.38
15,187,55,Female,28,Morning,Medium,High,Brown,Mixed,Purse,Visible,Neutral,6,25,1.73
16,155,53,Male,14,Morning,Medium,Low,Yellow,Upright,Laptop,Visible,Neutral,2,25,2.19
9,146,66,Male,20,Morning,Low,High,Yellow,Bending,No Object,Visible,Neutral,4,14,1.79
15,177,81,Male,57,Afternoon,Very High,Low,Purple,Upright,No Object,Visible,Neutral,6,39,1.71
10,168,81,Female,37,Evening,Low,Low,Red,Upright,Purse,Not Visible,Happy,6,47,2.61
18,182,54,Female,55,Evening,Medium,Low,Yellow,Upright,Purse,Visible,Neutral,4,54,2.59
20,149,81,Female,57,Night,Low,Medium,Brown,Bending,Laptop,Visible,Happy,9,30,2.22
18,148,89,Male,14,Night,Very High,Low,Yellow,Moving,No Object,Not Visible,Happy,11,28,1.41
5,170,56,Female,30,Afternoon,High,Low,Red,Upright,No Object,Not Visible,Happy,6,16,1.67
24,184,46,Male,52,Night,Medium,Low,Black,Moving,Bag,Visible,Neutral,7,9,1.75
5,163,92,Male,35,Morning,Very High,Low,Purple,Upright,No Object,Visible,Sad,3,51,1.89
24,180,71,Male,36,Morning,Low,High,Purple,Upright,Purse,Not Visible,Happy,3,51,2.38
5,185,83,Female,39,Afternoon,Very High,Medium,Blue,Upright,No Object,Not Visible,Neutral,1,58,1.81
15,184,61,Female,45,Evening,Low,Low,Black,Bending,No Object,Partially Visible,Neutral,11,11,1.92
7,167,59,Female,57,Morning,Medium,Low,Purple,Upright,Laptop,Visible,Sad,4,28,1.99
6,176,56,Female,54,Night,Low,Low,Purple,Upright,No Object,Partially Visible,Neutral,8,40,2.36
18,168,55,Male,42,Afternoon,Very High,Low,Green,Upright,No Object,Partially Visible,Sad,7,53,1.81
19,175,68,Female,39,Afternoon,Very High,Low,Yellow,Bending,Purse,Visible,Neutral,2,27,1.58
7,170,50,Male,29,Evening,Medium,Low,Yellow,Moving,No Object,Visible,Neutral,2,12,1.96
24,168,87,Female,17,Afternoon,Low,Low,Blue,Upright,No Object,Not Visible,Neutral,9,55,2.44
11,164,70,Male,46,Afternoon,Medium,Low,Red,Moving,Purse,Partially Visible,Neutral,9,9,1.62
11,174,90,Female,12,Night,Medium,High,Red,Bending,No Object,Visible,Neutral,7,43,1.84
10,178,70,Female,45,Afternoon,Medium,Low,Blue,Upright,Purse,Partially Visible,Neutral,4,25,1.99
14,186,60,Female,35,Morning,Low,Medium,Yellow,Upright,No Object,Partially Visible,Neutral,5,5,1.75
8,172,70,Female,49,Evening,High,Medium,Green,Mixed,No Object,Visible,Neutral,9,33,1.64
13,149,52,Male,57,Evening,High,High,Brown,Upright,No Object,Visible,Neutral,3,25,1.55
9,171,86,Male,38,Morning,Very High,Low,Red,Upright,Laptop,Visible,Neutral,1,28,1.6
6,159,81,Female,39,Night,Medium,High,Brown,Moving,No Object,Not Visible,Happy,4,14,1.51
12,146,52,Female,35,Afternoon,Medium,High,Yellow,Moving,Bag,Visible,Neutral,3,42,2.0
18,148,74,Male,29,Morning,Medium,High,Purple,Moving,No Object,Not Visible,Neutral,2,20,1.55
20,171,71,Female,16,Morning,Low,High,Green,Moving,No Object,Partially Visible,Happy,6,13,1.78
12,187,55,Male,13,Evening,High,Low,Black,Upright,Purse,Not Visible,Sad,9,26,1.38
11,167,51,Female,46,Morning,High,High,Black,Moving,No Object,Not Visible,Happy,8,15,1.09
20,165,83,Male,55,Afternoon,Low,High,Green,Upright,Purse,Not Visible,Happy,4,34,2.08
18,148,58,Male,14,Evening,Medium,Low,Brown,Moving,Bag,Not Visible,Neutral,5,34,1.98
21,175,70,Female,27,Night,Very High,Low,Black,Upright,Laptop,Visible,Happy,6,48,2.01
23,147,57,Female,41,Afternoon,Medium,High,Yellow,Upright,Purse,Visible,Neutral,5,58,2.14
21,182,77,Female,45,Night,Medium,Low,Red,Upright,Purse,Visible,Happy,11,9,1.79
23,181,47,Female,47,Afternoon,High,High,Blue,Moving,No Object,Partially Visible,Happy,11,7,1.03
13,189,62,Female,45,Night,Medium,Medium,Brown,Bending,Purse,Visible,Neutral,11,29,1.76
12,157,72,Male,16,Afternoon,Low,Medium,Brown,Moving,No Object,Visible,Neutral,5,8,1.86
11,152,66,Female,24,Morning,High,Low,Purple,Upright,No Object,Visible,Neutral,9,51,2.05
9,158,75,Female,34,Evening,Very High,Medium,Brown,Upright,Purse,Partially Visible,Happy,9,49,1.64
19,180,54,Female,15,Night,Low,Medium,Red,Bending,No Object,Visible,Neutral,9,28,2.11
19,154,67,Female,28,Night,Low,High,Black,Upright,Purse,Visible,Neutral,2,57,2.44
21,184,82,Male,30,Night,High,Low,Yellow,Bending,No Object,Partially Visible,Happy,11,33,1.75
8,151,61,Female,58,Morning,High,Low,Purple,Mixed,No Object,Partially Visible,Neutral,11,35,1.75
14,147,52,Female,27,Evening,Medium,Low,Yellow,Bending,Purse,Not Visible,Neutral,9,47,2.15
9,154,87,Male,58,Evening,Medium,Low,Black,Upright,Purse,Partially Visible,Sad,7,35,2.01
22,178,83,Female,45,Evening,High,High,Red,Bending,Bag,Partially Visible,Sad,5,44,1.53
10,172,79,Male,45,Morning,Medium,Low,Blue,Mixed,No Object,Visible,Neutral,3,18,1.94
7,160,84,Female,51,Morning,Low,Low,Yellow,Bending,No Object,Visible,Happy,1,33,2.61
16,174,83,Female,52,Evening,Low,High,Green,Moving,No Object,Partially Visible,Neutral,11,49,2.03
22,174,82,Male,22,Night,Medium,Low,Yellow,Upright,No Object,Visible,Neutral,3,58,2.65
23,169,70,Female,32,Morning,Very High,Low,Red,Moving,No Object,Not Visible,Sad,4,15,1.14
6,168,45,Male,37,Morning,Medium,Medium,Black,Upright,Purse,Not Visible,Neutral,5,6,1.41
11,149,74,Female,58,Afternoon,Medium,Low,Purple,Moving,No Object,Visible,Happy,8,37,2.28
8,156,58,Female,13,Afternoon,Very High,High,Blue,Moving,Bag,Partially Visible,Sad,3,7,0.79
11,168,83,Male,34,Night,Medium,Medium,Red,Mixed,Purse,Visible,Neutral,3,42,2.17
15,151,68,Male,22,Night,Medium,Low,Green,Upright,Purse,Visible,Happy,4,28,2.2
10,166,90,Male,21,Evening,Low,Medium,Red,Moving,No Object,Visible,Neutral,4,49,2.56
6,150,74,Male,48,Night,High,High,Brown,Upright,No Object,Partially Visible,Neutral,1,13,1.36
15,180,72,Male,21,Morning,High,Low,Blue,Upright,No Object,Not Visible,Neutral,5,7,1.32
6,149,90,Male,50,Night,High,Medium,Blue,Bending,Purse,Visible,Sad,7,16,1.29
9,149,68,Male,59,Afternoon,Medium,Medium,Brown,Upright,Purse,Partially Visible,Happy,5,8,1.69
5,173,63,Male,49,Afternoon,Medium,Medium,Green,Upright,No Object,Visible,Happy,4,13,1.79
6,154,63,Male,20,Morning,Low,Medium,Brown,Bending,No Object,Visible,Happy,11,46,2.4
13,160,88,Male,18,Morning,Very High,Low,Purple,Bending,Bag,Partially Visible,Sad,3,43,1.67
22,159,82,Female,32,Morning,Low,Medium,Purple,Bending,No Object,Partially Visible,Happy,10,39,2.16
20,154,53,Female,38,Afternoon,High,Low,Yellow,Bending,No Object,Partially Visible,Neutral,7,28,1.8
6,179,69,Male,49,Morning,High,Medium,Purple,Moving,No Object,Not Visible,Neutral,8,17,1.24
5,176,63,Female,32,Morning,Low,Medium,Yellow,Upright,No Object,Visible,Sad,4,50,2.44
11,155,77,Male,20,Evening,Medium,Low,Red,Upright,No Object,Partially Visible,Happy,11,53,2.28
18,175,47,Female,59,Night,Low,Low,Purple,Bending,Purse,Visible,Happy,6,18,2.37
19,177,80,Male,55,Morning,Medium,High,Black,Moving,Purse,Not Visible,Sad,6,54,1.92
21,169,82,Male,43,Evening,Very High,Low,Red,Upright,Purse,Visible,Neutral,3,39,1.75
11,171,56,Female,45,Night,Medium,Low,Brown,Upright,No Object,Visible,Happy,6,24,2.12
8,187,52,Male,56,Afternoon,Very High,Low,Blue,Mixed,No Object,Partially Visible,Happy,8,16,1.44
5,165,76,Female,34,Morning,Low,Medium,Black,Moving,Purse,Visible,Sad,11,37,1.98
7,162,57,Male,18,Morning,Medium,Low,Brown,Bending,No Object,Partially Visible,Sad,10,5,1.43
6,169,92,Male,41,Night,Very High,High,Red,Moving,No Object,Not Visible,Neutral,2,22,1.0
22,182,83,Male,33,Afternoon,Very High,Medium,Black,Mixed,No Object,Visible,Neutral,1,42,1.71
10,176,92,Female,50,Morning,Medium,Low,Red,Bending,Purse,Partially Visible,Neutral,11,32,1.92
21,148,71,Male,49,Night,High,Medium,Red,Upright,No Object,Not Visible,Happy,10,13,1.23
16,165,91,Female,34,Night,Very High,Low,Blue,Bending,Bag,Partially Visible,Sad,2,13,1.25
15,178,45,Female,29,Evening,High,Low,Yellow,Mixed,No Object,Visible,Happy,10,43,1.97
14,155,59,Female,32,Morning,High,Medium,Green,Bending,Bag,Not Visible,Happy,9,51,1.89
21,189,45,Female,42,Morning,Low,Low,Red,Upright,No Object,Partially Visible,Neutral,11,42,2.23
5,181,78,Female,42,Morning,Low,High,Yellow,Mixed,Purse,Partially Visible,Happy,2,13,1.97
6,183,70,Female,36,Morning,High,Medium,Black,Moving,No Object,Partially Visible,Neutral,10,41,1.6
13,148,59,Male,37,Evening,Medium,Low,Red,Upright,Laptop,Visible,Neutral,5,20,2.02
12,171,60,Male,59,Afternoon,Low,High,Black,Mixed,No Object,Not Visible,Neutral,7,37,1.94
15,168,77,Female,24,Night,Medium,Medium,Blue,Moving,Laptop,Visible,Neutral,3,37,2.07
19,173,54,Male,20,Morning,Medium,Low,Brown,Moving,Purse,Not Visible,Happy,1,53,2.53
16,183,70,Female,50,Evening,Medium,Medium,Purple,Mixed,Purse,Not Visible,Neutral,8,50,1.98
10,160,75,Male,56,Night,Medium,High,Green,Upright,No Object,Not Visible,Neutral,1,9,1.4
11,169,56,Male,41,Morning,Medium,Medium,Yellow,Moving,No Object,Visible,Neutral,6,5,1.48
20,175,56,Male,31,Evening,Low,Medium,Red,Upright,Bag,Visible,Happy,3,56,2.8
9,178,62,Male,28,Evening,Very High,Medium,Green,Moving,Bag,Visible,Sad,11,21,0.98
15,179,74,Female,34,Morning,High,Low,Purple,Moving,No Object,Visible,Happy,5,8,1.66
15,160,57,Female,14,Afternoon,Low,Low,Red,Moving,No Object,Visible,Happy,3,15,2.39
20,189,63,Male,37,Night,Medium,Medium,Purple,Moving,No Object,Partially Visible,Happy,11,32,1.87
19,145,72,Male,24,Night,Medium,High,Red,Moving,No Object,Visible,Neutral,8,53,1.99
14,167,54,Female,24,Afternoon,High,Medium,Black,Upright,No Object,Not Visible,Happy,2,55,2.18
11,172,73,Male,38,Morning,High,Low,Blue,Upright,Laptop,Visible,Happy,4,41,2.23
12,147,51,Female,58,Morning,High,Medium,Red,Upright,No Object,Visible,Neutral,6,19,1.47
13,165,52,Female,21,Night,High,Low,Green,Moving,Laptop,Partially Visible,Neutral,9,44,1.86
9,171,56,Male,55,Evening,Low,Low,Brown,Bending,Bag,Visible,Happy,11,51,2.69
17,172,59,Male,36,Afternoon,Medium,Medium,Yellow,Bending,No Object,Partially Visible,Neutral,10,27,1.71
9,150,46,Male,58,Morning,Low,Low,Green,Upright,No Object,Partially Visible,Neutral,1,37,2.45
17,157,93,Male,30,Night,Medium,High,Black,Bending,Purse,Partially Visible,Happy,6,31,1.74
20,156,60,Male,59,Afternoon,Medium,Medium,Blue,Upright,No Object,Partially Visible,Happy,1,52,2.47
24,173,85,Female,43,Evening,High,Medium,Yellow,Mixed,Purse,Not Visible,Neutral,4,38,1.63
7,159,90,Male,44,Night,Low,High,Blue,Moving,Purse,Not Visible,Sad,3,7,1.5
20,170,85,Female,39,Evening,High,Medium,Purple,Bending,No Object,Visible,Neutral,3,52,2.19
6,177,86,Female,33,Night,Medium,High,Blue,Moving,Laptop,Visible,Neutral,3,35,1.92
11,180,50,Male,37,Evening,Medium,High,Brown,Upright,No Object,Not Visible,Sad,5,28,1.41
8,153,63,Female,52,Afternoon,High,Medium,Green,Upright,No Object,Visible,Neutral,6,15,1.45
8,185,82,Male,50,Night,Low,Low,Purple,Bending,Bag,Partially Visible,Neutral,11,43,2.37
8,152,73,Female,13,Evening,Medium,Low,Blue,Moving,No Object,Partially Visible,Sad,5,5,1.56
5,145,45,Female,45,Night,Medium,High,Purple,Upright,No Object,Visible,Neutral,1,14,1.67
21,147,73,Female,52,Morning,High,Low,Yellow,Upright,No Object,Visible,Neutral,7,42,1.96
6,154,85,Female,47,Evening,Low,High,Black,Bending,No Object,Partially Visible,Neutral,4,19,1.77
12,184,86,Male,35,Evening,Very High,Low,Black,Upright,No Object,Visible,Sad,2,46,1.89
18,154,64,Male,28,Morning,Very High,Medium,Green,Upright,Purse,Visible,Happy,8,19,1.28
24,176,56,Male,44,Afternoon,High,Low,Green,Upright,No Object,Not Visible,Neutral,8,45,1.73
22,163,60,Female,43,Night,Medium,High,Black,Mixed,Purse,Not Visible,Neutral,4,42,1.8
7,146,59,Male,29,Evening,High,Low,Blue,Upright,No Object,Partially Visible,Sad,3,44,1.97
24,164,62,Female,31,Night,Low,Low,Green,Upright,No Object,Visible,Happy,6,45,2.75
18,146,60,Male,29,Morning,Very High,High,Purple,Upright,Bag,Visible,Happy,5,48,1.74
8,166,67,Female,14,Morning,Medium,Low,Purple,Upright,Purse,Not Visible,Neutral,11,25,1.72
13,170,47,Female,13,Night,Low,Low,Red,Moving,Purse,Visible,Happy,1,30,2.65
23,168,58,Male,15,Afternoon,Medium,High,Yellow,Upright,No Object,Not Visible,Neutral,2,8,1.38
12,157,60,Male,32,Night,High,High,Blue,Upright,No Object,Partially Visible,Neutral,9,24,1.25
8,179,52,Female,36,Night,Very High,Low,Brown,Mixed,Laptop,Visible,Sad,11,30,1.32
22,171,88,Male,31,Afternoon,Medium,Medium,Brown,Moving,Laptop,Partially Visible,Neutral,7,47,2.08
24,156,78,Male,57,Night,Medium,Low,Purple,Upright,Purse,Not Visible,Neutral,4,54,2.32
24,164,90,Male,22,Night,High,Low,Brown,Upright,No Object,Not Visible,Sad,3,41,1.92
24,149,73,Female,30,Morning,High,Medium,Yellow,Moving,No Object,Partially Visible,Happy,10,12,1.2
22,186,50,Male,23,Morning,High,Low,Yellow,Bending,No Object,Visible,Neutral,7,16,1.64
14,178,90,Male,26,Morning,Medium,Medium,Brown,Mixed,No Object,Partially Visible,Neutral,5,34,1.95
8,157,67,Female,40,Evening,High,Low,Green,Upright,No Object,Partially Visible,Happy,5,28,1.91
17,175,79,Male,26,Morning,Very High,High,Green,Moving,No Object,Partially Visible,Happy,2,56,1.73
9,175,64,Male,27,Afternoon,Low,Medium,Green,Upright,No Object,Visible,Neutral,10,15,1.74
14,172,69,Male,44,Afternoon,Medium,Low,Green,Upright,Purse,Not Visible,Neutral,1,36,2.21
18,147,69,Male,51,Morning,Low,High,Green,Moving,Purse,Partially Visible,Neutral,11,47,2.08
23,184,59,Male,22,Afternoon,Medium,High,Green,Moving,Purse,Visible,Happy,2,29,1.98
10,188,72,Male,17,Evening,High,Low,Black,Upright,No Object,Visible,Happy,2,18,1.95
10,188,81,Male,23,Night,Low,High,Blue,Upright,Purse,Visible,Sad,1,12,1.73
19,189,46,Female,39,Afternoon,Medium,Low,Green,Moving,Bag,Visible,Happy,6,39,2.37
5,186,51,Male,58,Evening,Low,Low,Brown,Upright,No Object,Visible,Sad,1,39,2.58
16,178,87,Female,19,Evening,Very High,Low,Green,Upright,Laptop,Partially Visible,Neutral,3,45,1.82
19,147,73,Female,14,Afternoon,High,Low,Red,Upright,No Object,Visible,Neutral,9,51,2.13
16,165,93,Female,37,Evening,Medium,Medium,Red,Upright,Purse,Visible,Neutral,9,59,2.18
12,156,75,Female,59,Night,High,Medium,Yellow,Moving,No Object,Visible,Sad,4,15,1.35
21,154,77,Male,38,Morning,Low,High,Purple,Upright,Purse,Visible,Sad,1,28,2.02
12,182,89,Female,56,Evening,High,Low,Brown,Bending,Laptop,Visible,Neutral,2,22,1.95
19,181,78,Male,42,Morning,High,Low,Red,Bending,No Object,Visible,Neutral,6,52,2.18
14,168,61,Male,13,Night,Low,Low,Black,Upright,Purse,Partially Visible,Neutral,6,11,1.93
5,178,71,Female,32,Evening,Very High,Low,Blue,Bending,Laptop,Visible,Happy,10,41,1.86
15,150,56,Male,48,Morning,Low,High,Green,Upright,Purse,Partially Visible,Sad,6,22,1.66
5,154,61,Male,36,Evening,High,Medium,Purple,Moving,No Object,Visible,Happy,5,5,1.48
23,183,79,Male,21,Afternoon,Low,High,Yellow,Moving,No Object,Visible,Neutral,7,37,2.05
17,165,52,Male,20,Morning,High,Medium,Yellow,Moving,Laptop,Visible,Neutral,10,26,1.5
12,169,78,Male,43,Night,Low,Low,Black,Upright,Purse,Visible,Neutral,9,42,2.41
14,165,74,Female,34,Afternoon,Low,Low,Brown,Moving,Bag,Partially Visible,Neutral,2,26,2.44
17,154,60,Female,39,Morning,Medium,Medium,Purple,Bending,No Object,Partially Visible,Neutral,5,15,1.7
10,182,47,Male,29,Evening,Very High,High,Brown,Upright,Purse,Partially Visible,Happy,11,11,0.93
10,179,80,Female,28,Afternoon,Medium,Low,Brown,Upright,Laptop,Visible,Happy,9,14,1.85
13,175,86,Male,43,Evening,High,Low,Red,Upright,Laptop,Visible,Happy,9,29,1.77
10,160,81,Female,12,Morning,Medium,Medium,Purple,Upright,Purse,Not Visible,Sad,2,19,1.58
20,173,66,Female,32,Night,High,Low,Yellow,Upright,No Object,Visible,Happy,5,11,1.84
7,187,77,Female,29,Afternoon,Medium,Medium,Green,Mixed,Purse,Visible,Sad,10,22,1.54
21,174,65,Male,49,Afternoon,Medium,Low,Blue,Mixed,Purse,Visible,Happy,2,50,2.69
11,167,62,Male,46,Night,Very High,Medium,Purple,Upright,No Object,Not Visible,Sad,8,51,1.34
16,157,61,Male,32,Evening,Medium,Low,Purple,Mixed,No Object,Not Visible,Neutral,6,24,1.81
8,168,55,Female,24,Morning,Medium,High,Green,Moving,Laptop,Visible,Sad,9,33,1.57
12,161,93,Male,23,Evening,Very High,Medium,Blue,Upright,No Object,Visible,Neutral,8,15,1.24
20,172,78,Male,22,Evening,Medium,Low,Yellow,Mixed,No Object,Partially Visible,Neutral,2,27,2.15
10,147,53,Female,25,Afternoon,Medium,High,Brown,Moving,Purse,Visible,Neutral,2,38,1.88
7,153,88,Female,48,Morning,Medium,High,Purple,Bending,Bag,Visible,Happy,4,6,1.59
15,180,52,Male,14,Morning,High,Medium,Black,Upright,Purse,Visible,Sad,11,52,1.67
8,162,74,Male,13,Night,Very High,High,Black,Upright,No Object,Visible,Neutral,11,54,1.42
11,164,53,Male,37,Morning,High,High,Blue,Mixed,No Object,Visible,Happy,9,56,1.94
14,169,63,Male,22,Evening,High,Low,Brown,Upright,No Object,Partially Visible,Neutral,3,16,1.72
16,164,77,Female,51,Night,Medium,Low,Green,Upright,No Object,Partially Visible,Neutral,11,54,2.3
17,179,94,Male,48,Afternoon,Low,Low,Blue,Upright,Laptop,Partially Visible,Sad,8,11,1.82
18,156,94,Female,48,Morning,Low,Medium,Yellow,Upright,No Object,Visible,Neutral,4,53,2.59
21,179,89,Male,33,Evening,Low,High,Green,Upright,No Object,Visible,Neutral,8,12,1.73
6,154,56,Female,33,Evening,Low,Medium,Blue,Mixed,Laptop,Not Visible,Neutral,5,24,1.87
12,161,49,Female,32,Morning,High,Low,Purple,Upright,No Object,Visible,Happy,6,57,2.47
5,171,90,Male,21,Evening,Low,High,Purple,Moving,No Object,Visible,Neutral,3,32,2.07
5,184,91,Male,39,Morning,Low,Medium,Black,Bending,No Object,Visible,Sad,8,16,1.79
9,155,58,Male,53,Afternoon,Medium,Low,Green,Bending,No Object,Visible,Happy,4,25,2.18
16,171,45,Male,24,Afternoon,Low,High,Blue,Upright,No Object,Visible,Neutral,11,23,1.68
22,147,77,Female,14,Night,Low,Low,Brown,Upright,Bag,Visible,Happy,2,55,2.99
20,148,48,Male,39,Night,Low,Medium,Brown,Moving,Laptop,Partially Visible,Happy,3,27,2.27
17,179,47,Female,31,Evening,Medium,Medium,Brown,Moving,Purse,Visible,Happy,2,10,1.85
20,177,91,Male,50,Evening,Medium,High,Yellow,Upright,Purse,Partially Visible,Happy,3,14,1.62
8,161,69,Male,53,Morning,High,Low,Black,Mixed,No Object,Partially Visible,Neutral,8,35,1.86
21,173,50,Female,57,Morning,Very High,Low,Brown,Moving,Laptop,Visible,Sad,11,5,1.06
22,162,77,Female,30,Night,High,Medium,Brown,Upright,No Object,Not Visible,Happy,2,18,1.63
6,157,63,Female,55,Afternoon,High,High,Yellow,Bending,No Object,Not Visible,Sad,3,38,1.43
14,164,71,Male,17,Evening,Very High,Low,Yellow,Moving,No Object,Visible,Neutral,2,51,1.95
21,159,89,Female,29,Evening,Medium,Low,Red,Moving,Purse,Partially Visible,Happy,9,10,1.78
14,181,56,Female,24,Afternoon,High,High,Brown,Upright,No Object,Partially Visible,Happy,6,23,1.46
21,163,77,Male,56,Evening,Medium,High,Purple,Upright,No Object,Partially Visible,Happy,5,26,1.79
23,159,86,Female,40,Evening,Medium,Low,Black,Upright,No Object,Visible,Neutral,8,52,2.31
14,169,66,Female,29,Morning,Medium,Low,Black,Upright,No Object,Visible,Neutral,1,48,2.56
6,179,93,Male,19,Evening,Low,Medium,Brown,Upright,No Object,Visible,Neutral,9,56,2.55
11,157,67,Female,49,Morning,High,Medium,Black,Bending,Purse,Visible,Happy,2,39,2.0
9,187,67,Female,43,Afternoon,Low,Medium,Green,Bending,No Object,Visible,Happy,7,14,2.05
14,165,89,Male,52,Night,High,High,Purple,Upright,Purse,Not Visible,Neutral,1,56,1.83
16,174,76,Female,33,Night,Very High,Low,Red,Bending,No Object,Visible,Happy,3,46,2.04
14,188,88,Male,19,Morning,Medium,High,Yellow,Upright,No Object,Visible,Neutral,7,41,1.83
8,164,84,Male,28,Evening,Low,Low,Blue,Upright,Purse,Visible,Neutral,7,24,2.21
11,153,80,Male,41,Evening,Medium,High,Blue,Moving,Purse,Visible,Neutral,5,48,2.02
18,178,57,Male,23,Evening,Medium,Low,Brown,Moving,No Object,Partially Visible,Happy,7,27,2.09
5,145,64,Female,15,Night,Very High,Low,Brown,Upright,Purse,Not Visible,Neutral,10,22,1.24
9,165,88,Female,51,Morning,High,Low,Purple,Moving,Laptop,Visible,Neutral,3,20,1.85
22,189,75,Female,37,Evening,High,Low,Green,Moving,No Object,Visible,Sad,11,41,1.71
6,163,59,Male,31,Afternoon,Medium,Medium,Red,Bending,Purse,Visible,Neutral,2,38,2.18
13,175,61,Female,38,Morning,High,Medium,Blue,Mixed,No Object,Not Visible,Neutral,11,17,1.11
9,168,83,Male,47,Afternoon,High,High,Black,Upright,Laptop,Visible,Happy,11,23,1.35
7,154,53,Male,12,Morning,Low,Medium,Green,Upright,No Object,Visible,Neutral,5,17,2.01
13,159,50,Male,33,Evening,Low,Medium,Blue,Moving,Bag,Visible,Neutral,2,45,2.47
15,168,83,Male,24,Evening,Low,Low,Purple,Upright,Purse,Visible,Neutral,5,23,2.3
8,149,59,Female,16,Evening,Medium,High,Black,Upright,Purse,Visible,Neutral,4,47,2.05
6,163,83,Female,13,Morning,Very High,Low,Brown,Upright,No Object,Not Visible,Sad,7,17,1.1
7,163,71,Male,33,Night,High,Low,Yellow,Upright,Purse,Visible,Sad,3,26,1.82
18,182,94,Male,38,Morning,Medium,Low,Green,Upright,No Object,Visible,Neutral,1,6,1.87
22,150,71,Female,36,Afternoon,Very High,Low,Yellow,Upright,No Object,Visible,Happy,10,5,1.27
8,182,88,Male,49,Afternoon,Low,Medium,Purple,Mixed,No Object,Visible,Sad,10,6,1.64
11,163,87,Male,33,Evening,Low,Low,Yellow,Upright,Purse,Not Visible,Neutral,6,8,1.93
11,174,55,Female,40,Afternoon,Very High,Low,Green,Moving,Purse,Partially Visible,Sad,10,56,1.66
12,170,94,Male,51,Night,Very High,High,Yellow,Upright,Bag,Not Visible,Neutral,11,20,0.73
9,158,82,Female,43,Night,High,Low,Blue,Upright,No Object,Not Visible,Sad,11,34,1.44
6,186,50,Female,55,Night,Low,Medium,Red,Mixed,Laptop,Partially Visible,Happy,10,57,2.42
15,155,45,Male,22,Morning,Very High,Low,Black,Upright,Laptop,Partially Visible,Neutral,1,31,1.72
12,146,58,Male,49,Night,High,High,Black,Upright,Laptop,Partially Visible,Neutral,9,26,1.3
11,178,45,Male,45,Morning,High,Medium,Black,Moving,Purse,Partially Visible,Happy,11,45,1.79
10,172,62,Male,39,Night,Low,Low,Blue,Upright,No Object,Partially Visible,Happy,2,45,2.67
23,185,94,Female,12,Night,Medium,High,Blue,Upright,Laptop,Partially Visible,Happy,1,10,1.61
17,165,68,Male,37,Morning,High,Medium,Purple,Mixed,Purse,Visible,Happy,4,56,2.31
13,145,46,Male,53,Morning,Very High,Low,Green,Upright,Purse,Partially Visible,Sad,10,11,1.03
9,145,69,Female,42,Evening,Medium,Medium,Yellow,Bending,No Object,Visible,Sad,10,23,1.61
21,164,55,Male,12,Morning,Medium,Medium,Blue,Upright,No Object,Partially Visible,Sad,7,57,2.26
22,156,87,Male,25,Night,High,Low,Red,Upright,No Object,Partially Visible,Sad,11,35,1.59
5,186,49,Female,39,Evening,Medium,Low,Red,Upright,Purse,Partially Visible,Sad,2,36,2.0
23,150,83,Male,50,Evening,Medium,Low,Blue,Bending,No Object,Partially Visible,Sad,10,51,2.04
18,184,67,Male,33,Night,Low,Medium,Yellow,Upright,Laptop,Partially Visible,Happy,10,29,2.09
6,154,45,Male,53,Morning,Low,High,Black,Moving,No Object,Partially Visible,Happy,11,38,2.0
20,150,78,Female,50,Evening,High,Medium,Brown,Moving,No Object,Visible,Sad,4,35,1.68
7,157,67,Male,24,Night,Low,High,Purple,Bending,No Object,Visible,Neutral,8,11,1.64
6,151,83,Female,21,Morning,Low,Low,Red,Upright,No Object,Visible,Neutral,4,21,2.24
7,163,75,Male,55,Morning,Very High,High,Red,Bending,No Object,Visible,Neutral,6,47,1.51
14,159,84,Female,40,Morning,High,High,Purple,Moving,Purse,Visible,Neutral,11,23,1.3
17,168,68,Female,52,Afternoon,Low,Medium,Black,Upright,Bag,Partially Visible,Happy,6,54,2.66
13,169,45,Male,56,Morning,Medium,Low,Brown,Moving,No Object,Partially Visible,Neutral,9,57,2.42
7,145,51,Male,32,Morning,High,Low,Green,Upright,No Object,Visible,Neutral,6,47,2.06
8,150,67,Male,14,Night,Medium,Low,Yellow,Mixed,Purse,Not Visible,Neutral,1,5,1.71
22,152,64,Male,55,Afternoon,Medium,Medium,Brown,Mixed,No Object,Visible,Neutral,2,46,2.26
24,153,84,Male,40,Afternoon,Medium,High,Blue,Upright,Purse,Partially Visible,Neutral,8,58,2.05
20,149,65,Female,17,Afternoon,Low,Low,Brown,Upright,Purse,Visible,Neutral,4,46,2.65
7,159,88,Male,37,Night,High,Low,Red,Bending,Laptop,Partially Visible,Neutral,4,40,1.97
21,169,54,Female,13,Afternoon,Low,Low,Blue,Bending,No Object,Visible,Neutral,1,38,2.69
18,158,64,Male,25,Afternoon,Medium,Medium,Blue,Moving,Bag,Visible,Sad,10,32,1.71
15,159,82,Male,28,Night,Low,Medium,Yellow,Upright,Bag,Visible,Neutral,1,18,2.15
7,166,51,Male,33,Morning,Low,Low,Yellow,Bending,No Object,Partially Visible,Sad,6,31,2.19
24,169,61,Male,39,Afternoon,Low,High,Red,Mixed,No Object,Not Visible,Sad,4,55,2.18
13,159,82,Female,52,Evening,Very High,Low,Purple,Mixed,No Object,Partially Visible,Sad,10,9,1.0
5,154,74,Male,28,Evening,Low,Medium,Yellow,Upright,No Object,Partially Visible,Neutral,8,12,1.84
9,163,83,Male,47,Night,Medium,Medium,Black,Mixed,Bag,Visible,Neutral,1,53,2.35
13,146,70,Female,57,Night,Low,Low,Blue,Upright,No Object,Partially Visible,Neutral,7,50,2.56
6,167,87,Female,47,Afternoon,High,Medium,Green,Bending,No Object,Not Visible,Neutral,2,33,1.67
11,187,88,Male,24,Night,Medium,Medium,Brown,Upright,No Object,Visible,Happy,7,24,1.9
14,162,93,Female,44,Morning,Very High,Medium,Brown,Bending,Purse,Visible,Happy,3,11,1.38
23,149,51,Male,25,Morning,High,High,Green,Upright,Laptop,Visible,Happy,9,42,1.76
6,176,74,Male,34,Night,Medium,Medium,Red,Upright,Purse,Visible,Neutral,6,34,1.95
16,150,50,Male,42,Morning,High,Low,Brown,Upright,Purse,Visible,Happy,5,49,2.37
23,153,56,Female,26,Afternoon,Low,High,Brown,Mixed,No Object,Partially Visible,Neutral,10,24,1.63
21,151,60,Male,12,Evening,Very High,High,Blue,Bending,Purse,Partially Visible,Happy,5,48,1.61
23,184,77,Female,52,Afternoon,Very High,Low,Brown,Moving,No Object,Visible,Happy,3,57,2.17
8,189,66,Male,46,Night,Medium,High,Black,Bending,No Object,Not Visible,Neutral,6,13,1.29
21,170,88,Female,17,Afternoon,High,High,Black,Upright,Purse,Not Visible,Sad,9,47,1.38
24,172,59,Male,30,Evening,Low,Low,Red,Upright,Bag,Partially Visible,Neutral,1,38,2.52
11,174,75,Male,24,Morning,Medium,Medium,Green,Upright,Purse,Not Visible,Sad,4,27,1.51
14,172,83,Female,58,Morning,High,Low,Green,Upright,Purse,Not Visible,Happy,7,16,1.6
15,169,94,Male,57,Morning,Very High,Medium,Yellow,Mixed,No Object,Visible,Neutral,3,13,1.29
14,189,57,Female,45,Evening,Medium,High,Yellow,Upright,No Object,Not Visible,Happy,9,11,1.32
10,177,81,Female,33,Morning,High,Low,Purple,Bending,Purse,Visible,Neutral,1,19,1.82
24,148,49,Female,14,Evening,High,Medium,Black,Moving,Purse,Visible,Happy,3,33,1.91
24,162,72,Male,23,Afternoon,Low,Low,Green,Mixed,Purse,Visible,Happy,7,34,2.41
12,188,65,Female,16,Evening,High,Medium,Black,Upright,Purse,Partially Visible,Neutral,10,59,1.81
21,163,92,Female,49,Night,High,High,Yellow,Mixed,No Object,Not Visible,Neutral,4,45,1.66
12,154,83,Male,16,Night,High,Low,Brown,Bending,No Object,Visible,Happy,3,58,2.53
20,184,91,Female,44,Morning,Very High,Medium,Brown,Bending,No Object,Partially Visible,Sad,11,46,1.34
16,173,87,Female,57,Night,Low,Low,Black,Moving,Purse,Visible,Neutral,6,36,2.46
14,170,65,Female,26,Night,Low,Medium,Brown,Upright,Bag,Not Visible,Neutral,3,49,2.42
7,163,81,Female,44,Evening,Low,Medium,Purple,Moving,Purse,Visible,Neutral,10,47,2.34
18,150,46,Female,54,Morning,Low,Medium,Brown,Bending,Purse,Partially Visible,Happy,1,49,2.61
11,162,72,Female,32,Evening,Medium,Low,Green,Moving,Purse,Partially Visible,Sad,9,18,1.64
9,164,47,Male,33,Evening,Very High,Medium,Yellow,Moving,No Object,Visible,Neutral,10,44,1.5
8,186,81,Female,21,Evening,Medium,Medium,Purple,Bending,No Object,Not Visible,Happy,7,17,1.64
24,158,93,Male,32,Afternoon,High,Medium,Yellow,Upright,No Object,Not Visible,Happy,11,22,1.42
7,151,79,Male,53,Evening,Medium,Medium,Purple,Upright,Bag,Visible,Happy,7,43,2.28
20,164,86,Female,43,Evening,Medium,High,Blue,Moving,No Object,Partially Visible,Neutral,7,32,1.54
22,189,56,Male,21,Afternoon,High,Low,Green,Bending,Purse,Not Visible,Neutral,2,48,2.07
5,166,94,Female,37,Night,High,Low,Blue,Moving,No Object,Visible,Sad,2,44,2.04
16,162,72,Male,45,Evening,Medium,High,Green,Upright,Purse,Visible,Happy,8,45,2.08
16,175,78,Male,15,Afternoon,Very High,Low,Yellow,Bending,No Object,Partially Visible,Neutral,8,13,1.13
12,174,83,Male,48,Evening,Medium,High,Brown,Moving,Bag,Partially Visible,Happy,7,10,1.3
18,158,76,Female,21,Night,Low,Medium,Red,Moving,No Object,Partially Visible,Neutral,3,18,2.04
13,188,60,Male,26,Afternoon,Medium,High,Yellow,Upright,Bag,Partially Visible,Neutral,1,24,1.77
13,171,75,Female,31,Evening,High,Medium,Blue,Upright,Purse,Partially Visible,Sad,1,50,1.83
13,147,77,Male,36,Morning,Medium,High,Blue,Moving,No Object,Visible,Neutral,2,7,1.51
21,163,87,Male,55,Afternoon,High,Medium,Black,Moving,Purse,Visible,Happy,3,34,2.02
17,186,69,Male,22,Evening,Medium,Medium,Blue,Upright,Purse,Visible,Sad,11,48,1.87
12,162,70,Male,24,Night,Medium,Low,Purple,Bending,No Object,Visible,Sad,9,24,1.81
23,170,70,Female,30,Evening,Very High,Low,Blue,Upright,Purse,Partially Visible,Happy,2,22,1.67
21,172,50,Male,53,Evening,Medium,Low,Blue,Upright,Purse,Not Visible,Sad,4,16,1.6
23,176,49,Female,58,Afternoon,Medium,High,Yellow,Upright,Purse,Visible,Neutral,10,28,1.56
19,184,46,Male,33,Evening,Low,Low,Green,Upright,Purse,Partially Visible,Neutral,5,38,2.34
12,151,78,Female,45,Afternoon,Medium,High,Yellow,Moving,Purse,Visible,Neutral,4,36,1.88
20,168,65,Female,56,Morning,Medium,Medium,Brown,Upright,No Object,Visible,Happy,4,51,2.38
11,169,88,Male,52,Morning,Low,Low,Blue,Moving,No Object,Not Visible,Neutral,5,5,1.86
10,151,80,Male,44,Evening,Medium,High,Brown,Upright,No Object,Visible,Neutral,6,21,1.64
14,175,52,Female,37,Night,Low,Low,Black,Upright,Purse,Partially Visible,Sad,7,24,2.1
24,150,50,Male,59,Afternoon,Low,Medium,Red,Upright,No Object,Visible,Happy,6,26,2.35
16,165,63,Female,23,Night,Medium,Medium,Yellow,Upright,No Object,Visible,Neutral,7,45,2.13
12,159,91,Female,29,Night,Medium,Low,Purple,Bending,Purse,Partially Visible,Neutral,4,10,1.76
14,151,47,Female,46,Evening,High,Low,Purple,Mixed,No Object,Partially Visible,Neutral,6,20,1.6
10,182,54,Female,13,Night,High,Medium,Red,Moving,No Object,Partially Visible,Neutral,10,8,1.09
18,155,46,Female,36,Afternoon,Medium,Low,Blue,Moving,Laptop,Not Visible,Neutral,4,36,2.11
12,156,65,Female,53,Afternoon,Low,High,Yellow,Moving,Purse,Not Visible,Neutral,11,58,2.08
16,183,94,Male,20,Evening,Medium,Medium,Green,Moving,Purse,Partially Visible,Neutral,6,58,2.29
12,184,79,Female,50,Evening,Low,Low,Brown,Bending,No Object,Visible,Neutral,5,7,1.99
11,146,69,Male,31,Evening,Medium,Low,Green,Moving,Purse,Visible,Neutral,8,11,1.73
24,157,52,Male,53,Afternoon,High,Low,Blue,Upright,Bag,Partially Visible,Neutral,5,36,1.91
11,176,62,Female,42,Night,High,High,Brown,Upright,No Object,Partially Visible,Neutral,5,19,1.27
6,180,71,Female,19,Morning,Medium,Medium,Blue,Moving,No Object,Visible,Neutral,5,17,1.66
12,189,58,Female,47,Morning,Very High,Low,Red,Moving,No Object,Visible,Neutral,6,42,1.78
15,169,80,Male,14,Afternoon,Low,Medium,Black,Upright,Laptop,Visible,Happy,1,21,2.26
6,145,94,Male,23,Morning,Very High,Medium,Blue,Mixed,No Object,Visible,Happy,5,37,1.73
11,184,55,Female,54,Afternoon,High,Medium,Blue,Upright,No Object,Visible,Neutral,9,7,1.28
8,152,57,Male,54,Evening,Medium,Low,Yellow,Moving,Purse,Not Visible,Neutral,4,58,2.31
15,150,51,Female,14,Afternoon,Low,Low,Black,Mixed,Bag,Partially Visible,Neutral,6,9,2.0
19,175,81,Male,30,Morning,Low,Low,Black,Upright,No Object,Not Visible,Sad,4,6,1.79
24,172,68,Female,16,Afternoon,Very High,Medium,Blue,Mixed,Purse,Partially Visible,Neutral,11,27,1.07
12,147,59,Male,25,Evening,Low,Medium,Blue,Moving,Bag,Visible,Neutral,3,53,2.65
22,152,55,Male,58,Night,Very High,Low,Green,Moving,No Object,Partially Visible,Neutral,9,40,1.52
9,171,48,Female,21,Night,Medium,Low,Green,Mixed,Purse,Not Visible,Neutral,9,31,1.92
20,156,68,Female,42,Evening,Medium,Medium,Black,Bending,No Object,Partially Visible,Neutral,5,20,1.69
16,175,79,Female,50,Morning,High,Low,Red,Upright,No Object,Visible,Neutral,11,17,1.43
20,163,56,Female,54,Morning,Low,Medium,Purple,Bending,No Object,Partially Visible,Neutral,11,40,2.2
20,171,45,Male,28,Afternoon,Medium,Medium,Green,Upright,No Object,Visible,Sad,1,32,1.9
15,166,68,Female,45,Morning,Very High,Low,Yellow,Upright,No Object,Visible,Neutral,7,38,1.65
10,161,78,Male,35,Evening,Low,Medium,Green,Upright,Purse,Visible,Happy,3,27,2.3
15,160,62,Female,17,Afternoon,Very High,Low,Black,Upright,No Object,Visible,Neutral,11,21,1.29
21,176,57,Male,22,Night,Very High,Medium,Red,Moving,No Object,Not Visible,Sad,11,14,0.78
24,168,52,Male,47,Afternoon,Low,Low,Brown,Mixed,Purse,Visible,Happy,5,21,2.37
23,171,82,Male,44,Afternoon,Medium,Medium,Red,Mixed,Bag,Visible,Sad,4,17,1.72
8,170,88,Female,37,Evening,Low,Medium,Yellow,Upright,No Object,Partially Visible,Sad,10,31,1.88
16,154,83,Female,49,Morning,High,Low,Purple,Bending,No Object,Not Visible,Neutral,5,20,1.49
7,186,70,Male,45,Night,Very High,Medium,Green,Bending,No Object,Partially Visible,Neutral,9,48,1.55
18,170,81,Female,28,Evening,Very High,High,Purple,Upright,Laptop,Visible,Happy,8,35,1.39
24,177,64,Female,26,Evening,Very High,High,Brown,Bending,Laptop,Visible,Happy,4,21,1.25
6,184,46,Female,57,Afternoon,Low,Low,Red,Upright,No Object,Partially Visible,Neutral,4,9,2.12
18,186,63,Female,58,Night,Medium,Low,Blue,Mixed,No Object,Not Visible,Neutral,11,11,1.54
23,175,80,Male,13,Night,Low,Low,Brown,Upright,Purse,Visible,Sad,6,9,1.96
21,180,77,Male,49,Morning,Very High,High,Brown,Moving,Purse,Not Visible,Happy,5,22,1.16
12,166,94,Female,18,Evening,Low,Medium,Red,Moving,No Object,Partially Visible,Neutral,10,23,1.84
7,178,94,Male,53,Night,Low,Low,Brown,Moving,No Object,Partially Visible,Neutral,7,7,1.93
23,159,57,Female,40,Afternoon,Low,Medium,Yellow,Upright,No Object,Visible,Neutral,7,43,2.35
23,177,45,Male,45,Evening,Low,Low,Red,Upright,Purse,Not Visible,Neutral,5,34,2.25
16,148,58,Male,45,Night,Low,Medium,Purple,Mixed,Bag,Partially Visible,Sad,8,58,2.27
24,186,88,Female,41,Afternoon,Low,Medium,Black,Upright,No Object,Visible,Neutral,1,53,2.67
5,156,85,Female,24,Evening,Very High,Medium,Brown,Upright,Bag,Visible,Happy,3,5,1.28
17,174,49,Female,50,Evening,High,Medium,Red,Mixed,No Object,Visible,Neutral,10,43,1.75
5,145,53,Female,38,Morning,Medium,Low,Brown,Moving,Purse,Visible,Happy,3,58,2.72
23,152,73,Male,38,Morning,High,Medium,Black,Moving,Laptop,Visible,Sad,11,49,1.69
18,189,78,Female,27,Evening,Medium,Medium,Green,Upright,Purse,Visible,Sad,10,42,1.85
23,182,94,Male,12,Morning,High,Low,Yellow,Upright,No Object,Visible,Happy,5,12,1.81
16,155,82,Male,38,Night,Medium,High,Blue,Moving,No Object,Partially Visible,Neutral,11,54,1.88
6,150,55,Female,28,Evening,Medium,High,Red,Upright,Laptop,Partially Visible,Neutral,8,50,1.88
5,181,46,Male,43,Evening,Medium,High,Black,Upright,Purse,Partially Visible,Neutral,9,34,1.54
11,189,76,Female,29,Afternoon,Low,Medium,Yellow,Upright,No Object,Visible,Neutral,6,55,2.54
19,152,72,Male,58,Afternoon,Medium,Low,Red,Bending,Purse,Visible,Sad,2,30,2.07
8,174,91,Female,44,Afternoon,High,Medium,Purple,Upright,No Object,Partially Visible,Happy,7,34,1.71
22,157,73,Male,33,Evening,High,Low,Brown,Moving,No Object,Partially Visible,Neutral,10,48,1.97
9,178,70,Male,45,Afternoon,Medium,Low,Purple,Upright,Laptop,Visible,Happy,1,44,2.58
14,163,60,Male,43,Afternoon,Medium,Medium,Black,Upright,No Object,Not Visible,Neutral,1,35,1.9
9,150,49,Male,41,Morning,High,Low,Red,Mixed,No Object,Partially Visible,Sad,10,48,1.83
14,159,88,Female,39,Evening,Low,Low,Blue,Mixed,No Object,Not Visible,Neutral,7,54,2.44
14,169,86,Female,56,Evening,Low,High,Black,Bending,Bag,Partially Visible,Neutral,6,40,2.09
5,180,53,Male,27,Evening,Medium,Low,Brown,Mixed,No Object,Visible,Happy,8,54,2.5
16,145,80,Female,32,Afternoon,Low,Medium,Yellow,Upright,No Object,Not Visible,Sad,8,27,1.79
20,188,63,Male,24,Morning,Medium,High,Yellow,Upright,No Object,Not Visible,Happy,5,34,1.79
23,174,66,Female,39,Afternoon,Low,Medium,Yellow,Upright,No Object,Not Visible,Neutral,7,40,2.12
11,184,87,Female,59,Afternoon,Medium,Low,Brown,Upright,No Object,Not Visible,Happy,6,36,2.16
22,186,87,Male,41,Morning,High,Medium,Red,Moving,No Object,Not Visible,Neutral,3,14,1.36
22,151,54,Female,21,Night,High,High,Black,Moving,No Object,Partially Visible,Neutral,9,30,1.41
24,149,60,Male,56,Afternoon,High,High,Yellow,Upright,Purse,Visible,Neutral,5,12,1.26
12,179,86,Male,49,Afternoon,Medium,Low,Yellow,Upright,No Object,Partially Visible,Neutral,10,42,2.09
22,153,90,Male,33,Evening,Very High,Low,Yellow,Mixed,No Object,Partially Visible,Neutral,5,48,1.78
16,151,48,Female,19,Night,High,Medium,Red,Bending,Purse,Partially Visible,Neutral,3,42,1.88
6,166,86,Male,31,Afternoon,Medium,Low,Black,Upright,No Object,Visible,Neutral,10,52,2.26
10,186,69,Male,50,Evening,Low,High,Brown,Upright,No Object,Partially Visible,Sad,2,40,2.12
18,180,74,Male,39,Morning,High,Medium,Blue,Upright,Bag,Not Visible,Happy,11,25,1.33
8,168,48,Male,20,Evening,Medium,High,Green,Upright,Purse,Visible,Happy,7,8,1.46
13,153,79,Female,19,Morning,High,High,Red,Upright,Purse,Visible,Happy,6,6,1.17
20,160,78,Female,58,Morning,High,Medium,Blue,Bending,Purse,Partially Visible,Happy,3,57,2.23
7,175,78,Male,33,Evening,Very High,High,Red,Upright,Bag,Visible,Neutral,3,47,1.56
14,152,84,Male,44,Morning,Very High,Medium,Purple,Bending,No Object,Visible,Happy,3,23,1.56
9,168,92,Male,29,Morning,High,Low,Purple,Upright,No Object,Partially Visible,Happy,10,57,2.13
15,145,87,Male,16,Morning,Very High,High,Green,Upright,Laptop,Not Visible,Happy,3,18,1.14
9,159,82,Female,31,Night,Very High,Medium,Red,Upright,No Object,Visible,Neutral,1,47,1.85
24,156,94,Male,45,Evening,Low,High,Green,Moving,Purse,Visible,Neutral,3,16,1.88
6,175,78,Male,28,Afternoon,High,Low,Black,Moving,No Object,Visible,Neutral,7,44,2.03
24,186,78,Female,40,Night,Low,Low,Blue,Upright,No Object,Partially Visible,Sad,6,8,1.83
20,151,72,Female,33,Afternoon,Medium,High,Brown,Upright,Purse,Visible,Happy,5,42,2.02
22,180,83,Male,28,Night,Medium,Low,Purple,Bending,Purse,Visible,Neutral,11,30,1.9
22,174,48,Male,24,Afternoon,Medium,Medium,Yellow,Upright,Purse,Partially Visible,Happy,4,37,2.15
8,188,70,Female,24,Morning,Low,Medium,Yellow,Bending,No Object,Not Visible,Sad,10,7,1.41
23,186,66,Male,24,Morning,Low,Low,Yellow,Mixed,No Object,Visible,Happy,2,25,2.54
16,149,90,Male,46,Afternoon,Low,Low,Red,Upright,Purse,Partially Visible,Sad,6,13,1.97
24,178,48,Female,28,Morning,High,High,Black,Bending,No Object,Partially Visible,Neutral,2,38,1.63
22,171,77,Female,47,Morning,Very High,Low,Black,Bending,Purse,Visible,Neutral,1,5,1.34
16,150,54,Female,26,Afternoon,Very High,Medium,Red,Bending,Purse,Not Visible,Neutral,8,54,1.54
12,156,89,Male,27,Night,Medium,Medium,Blue,Upright,No Object,Visible,Neutral,8,14,1.62
7,186,87,Male,56,Morning,Medium,Medium,Black,Bending,No Object,Visible,Happy,7,33,2.09
7,169,56,Male,54,Morning,Very High,Medium,Yellow,Upright,Purse,Visible,Sad,5,59,1.76
12,160,88,Female,31,Night,Low,Low,Blue,Moving,No Object,Visible,Neutral,3,27,2.5
21,159,69,Female,24,Morning,Very High,High,Black,Bending,No Object,Partially Visible,Happy,9,34,1.27
15,182,93,Male,46,Night,High,Low,Red,Upright,Bag,Partially Visible,Happy,3,57,2.42
14,157,81,Female,15,Evening,Medium,Low,Red,Mixed,No Object,Partially Visible,Neutral,6,8,1.69
9,152,46,Male,33,Night,Low,High,Brown,Moving,Purse,Partially Visible,Neutral,11,35,1.89
16,170,55,Male,40,Evening,Low,Low,Black,Bending,No Object,Visible,Neutral,8,36,2.37
17,189,65,Female,44,Evening,Medium,Low,Yellow,Mixed,No Object,Not Visible,Neutral,10,44,2.0
24,153,55,Male,17,Morning,Medium,High,Purple,Moving,Purse,Not Visible,Happy,3,38,1.96
19,156,51,Male,12,Evening,High,Low,Blue,Upright,No Object,Visible,Sad,1,31,1.89
17,166,93,Male,25,Evening,High,Low,Green,Bending,Purse,Partially Visible,Happy,10,35,1.86
23,153,88,Female,17,Night,Medium,Medium,Yellow,Bending,No Object,Not Visible,Neutral,7,20,1.63
13,174,66,Male,36,Morning,Low,High,Red,Bending,Purse,Visible,Sad,9,23,1.68
23,156,55,Male,56,Morning,Medium,High,Yellow,Mixed,Purse,Visible,Neutral,10,57,2.02
12,150,54,Female,25,Morning,Low,High,Purple,Upright,Purse,Visible,Neutral,5,41,2.16
7,156,90,Male,33,Night,High,High,Red,Upright,No Object,Not Visible,Sad,2,42,1.56
13,186,61,Male,22,Morning,High,Low,Red,Upright,No Object,Partially Visible,Happy,11,12,1.45
7,187,45,Female,14,Night,High,Medium,Brown,Moving,No Object,Partially Visible,Happy,4,26,1.71
7,167,64,Female,45,Afternoon,Medium,Low,Black,Upright,Bag,Not Visible,Happy,2,17,2.0
22,163,67,Female,24,Afternoon,Medium,High,Purple,Upright,Purse,Visible,Happy,7,57,2.25
20,181,76,Male,38,Night,High,High,Black,Upright,Purse,Not Visible,Neutral,1,59,1.97
9,153,61,Female,44,Evening,High,Low,Brown,Bending,No Object,Partially Visible,Neutral,1,23,1.81
21,174,91,Male,52,Evening,High,High,Blue,Upright,No Object,Partially Visible,Neutral,9,27,1.34
6,175,77,Male,20,Night,Medium,Medium,Green,Upright,No Object,Visible,Neutral,1,42,2.24
10,176,94,Male,39,Night,Very High,Low,Blue,Upright,No Object,Visible,Neutral,7,13,1.33
19,154,63,Male,55,Evening,Low,Medium,Blue,Upright,No Object,Visible,Happy,5,35,2.39
11,177,77,Male,35,Afternoon,Medium,High,Red,Upright,No Object,Visible,Neutral,2,16,1.75
19,172,63,Male,13,Night,High,Low,Purple,Upright,No Object,Visible,Neutral,11,34,1.74
22,184,79,Male,24,Evening,Low,Low,Red,Bending,Purse,Visible,Neutral,2,44,2.67
6,152,82,Male,50,Night,High,High,Black,Upright,No Object,Partially Visible,Sad,8,45,1.46
5,172,61,Female,50,Night,Medium,Medium,Black,Upright,No Object,Not Visible,Sad,2,11,1.46
23,182,91,Female,27,Evening,Low,Medium,Red,Bending,Purse,Visible,Neutral,7,20,2.01
15,157,87,Male,21,Afternoon,Low,Medium,Yellow,Upright,Purse,Visible,Neutral,2,24,2.26
15,178,89,Female,26,Night,High,Medium,Black,Upright,No Object,Partially Visible,Neutral,10,44,1.69
14,149,55,Female,23,Night,High,Low,Red,Upright,Purse,Partially Visible,Sad,6,23,1.55
13,177,80,Female,47,Morning,Medium,Low,Red,Upright,No Object,Partially Visible,Neutral,1,30,2.16
18,172,50,Male,52,Evening,Low,High,Brown,Bending,Purse,Not Visible,Neutral,1,17,1.76
16,153,50,Male,14,Evening,Low,Medium,Brown,Mixed,Laptop,Visible,Happy,6,23,2.19
8,147,93,Male,47,Evening,Low,Medium,Green,Upright,No Object,Visible,Sad,6,31,2.07
17,178,52,Male,48,Night,High,High,Green,Bending,Purse,Not Visible,Neutral,4,16,1.24
18,155,88,Male,41,Afternoon,Low,Low,Red,Mixed,No Object,Partially Visible,Neutral,7,11,1.91
7,167,66,Female,53,Night,Low,High,Red,Upright,No Object,Partially Visible,Sad,9,12,1.5
12,147,60,Male,13,Evening,Low,High,Black,Moving,No Object,Not Visible,Neutral,9,30,1.73
20,188,48,Female,45,Morning,Medium,High,Green,Bending,No Object,Visible,Neutral,9,14,1.42
17,169,78,Female,18,Evening,High,Low,Blue,Bending,No Object,Visible,Happy,11,6,1.41
7,186,81,Male,55,Morning,High,Low,Green,Mixed,No Object,Visible,Neutral,3,50,2.27
5,152,68,Female,35,Night,Medium,Medium,Brown,Upright,No Object,Not Visible,Neutral,1,58,2.28
16,154,85,Male,16,Night,Very High,High,Green,Mixed,No Object,Not Visible,Neutral,2,33,1.26
14,172,61,Female,47,Night,Medium,High,Green,Upright,No Object,Visible,Neutral,1,38,2.02
24,172,72,Female,47,Evening,Very High,Medium,Blue,Bending,No Object,Visible,Neutral,4,14,1.22
15,180,59,Female,34,Afternoon,High,Medium,Brown,Upright,No Object,Partially Visible,Happy,2,9,1.41
23,186,74,Male,26,Afternoon,Low,Low,Red,Upright,No Object,Visible,Happy,11,9,2.11
9,181,51,Male,12,Night,High,Medium,Purple,Upright,Purse,Not Visible,Happy,4,15,1.41
13,151,68,Male,55,Morning,Medium,High,Black,Mixed,Bag,Visible,Sad,3,11,1.44
7,158,72,Male,20,Night,High,High,Blue,Bending,No Object,Not Visible,Happy,6,45,1.64
16,186,72,Male,52,Afternoon,Low,Low,Yellow,Moving,No Object,Partially Visible,Happy,5,47,2.73
8,169,67,Female,40,Evening,Medium,High,Purple,Upright,Laptop,Visible,Neutral,1,45,2.1
14,184,77,Male,44,Evening,Very High,Low,Red,Upright,Purse,Partially Visible,Neutral,11,20,1.18
11,170,70,Male,45,Morning,Low,Medium,Blue,Upright,Bag,Partially Visible,Neutral,8,25,1.98
8,147,59,Female,53,Morning,Low,Medium,Blue,Upright,Purse,Visible,Neutral,10,24,1.9
6,166,55,Male,13,Morning,Medium,Medium,Red,Upright,Purse,Visible,Neutral,11,13,1.49
15,182,77,Male,59,Night,Medium,High,Yellow,Mixed,No Object,Not Visible,Neutral,10,31,1.51
23,174,91,Female,14,Morning,High,Medium,Blue,Moving,No Object,Partially Visible,Sad,3,34,1.7
8,150,82,Female,59,Evening,High,Low,Green,Upright,Purse,Partially Visible,Neutral,9,16,1.42
13,154,76,Female,24,Morning,Very High,Low,Yellow,Upright,Purse,Visible,Neutral,1,20,1.57
9,183,91,Male,52,Night,Medium,Medium,Brown,Bending,Purse,Partially Visible,Happy,4,30,2.04
21,189,89,Female,16,Night,Medium,Medium,Brown,Bending,Bag,Partially Visible,Neutral,9,10,1.35
13,178,70,Male,34,Afternoon,Low,Medium,Red,Bending,No Object,Visible,Sad,8,37,2.16
24,149,50,Male,38,Morning,Low,Low,Purple,Bending,No Object,Visible,Happy,9,24,2.24
9,172,76,Male,57,Afternoon,High,Low,Red,Upright,Laptop,Visible,Neutral,9,44,1.95
6,182,76,Female,17,Evening,Low,High,Brown,Upright,Laptop,Partially Visible,Neutral,1,46,2.31
16,173,58,Male,13,Evening,Low,Medium,Brown,Mixed,Laptop,Visible,Sad,7,25,1.95
18,171,87,Male,43,Evening,Very High,Medium,Green,Moving,Purse,Not Visible,Happy,7,24,1.21
24,166,88,Male,14,Evening,Medium,Medium,Yellow,Mixed,Bag,Visible,Sad,2,34,2.07
22,156,61,Male,49,Evening,Low,Low,Purple,Upright,No Object,Not Visible,Happy,3,7,1.93
22,157,68,Male,13,Morning,High,Low,Red,Bending,No Object,Visible,Sad,6,15,1.45
17,178,54,Male,58,Morning,Medium,Low,Purple,Upright,No Object,Partially Visible,Sad,7,11,1.55
12,148,53,Male,37,Night,Very High,Medium,Blue,Mixed,No Object,Partially Visible,Neutral,10,20,1.02
13,148,58,Female,57,Evening,High,Low,Yellow,Upright,Laptop,Partially Visible,Sad,8,37,1.76
7,162,63,Female,18,Night,Low,Low,Yellow,Bending,No Object,Not Visible,Sad,11,18,1.66
13,179,58,Female,25,Evening,Low,High,Black,Upright,Purse,Visible,Sad,3,33,2.08
12,174,52,Female,33,Afternoon,Medium,Low,Purple,Upright,No Object,Visible,Neutral,5,43,2.31
5,171,67,Female,13,Evening,High,Medium,Yellow,Upright,Purse,Visible,Neutral,3,42,1.87
9,169,76,Female,16,Evening,Medium,Low,Black,Bending,No Object,Partially Visible,Happy,10,34,1.97
15,149,61,Male,27,Morning,High,Low,Blue,Moving,Purse,Not Visible,Happy,7,36,1.86
12,159,71,Female,47,Afternoon,Medium,Low,Black,Mixed,No Object,Visible,Neutral,6,29,2.05
24,148,58,Male,46,Evening,Medium,High,Purple,Bending,No Object,Partially Visible,Happy,7,32,1.79
14,179,80,Female,16,Morning,Low,Medium,Blue,Bending,No Object,Visible,Sad,4,48,2.36
24,178,77,Male,14,Morning,Low,Medium,Purple,Moving,Purse,Not Visible,Happy,10,31,2.07
18,156,93,Male,43,Morning,Medium,High,Blue,Upright,Purse,Visible,Happy,7,24,1.73
5,158,47,Female,29,Evening,Medium,Low,Brown,Moving,Bag,Not Visible,Happy,6,57,2.44
9,159,87,Male,50,Morning,Very High,Medium,Brown,Moving,Bag,Partially Visible,Happy,8,55,1.82
19,185,62,Male,26,Afternoon,Low,Low,Blue,Bending,No Object,Not Visible,Happy,9,52,2.56
15,166,48,Female,29,Morning,High,Medium,Black,Upright,No Object,Partially Visible,Neutral,5,50,1.96
11,179,79,Male,22,Afternoon,Low,High,Blue,Upright,No Object,Visible,Happy,9,26,2.02
15,165,53,Male,24,Morning,High,Low,Green,Upright,No Object,Not Visible,Sad,9,57,1.87
23,176,53,Female,45,Night,Low,High,Purple,Mixed,No Object,Visible,Neutral,8,40,2.08
12,168,93,Female,34,Afternoon,High,Medium,Red,Bending,Laptop,Visible,Neutral,2,53,2.18
5,157,56,Male,43,Morning,Low,Low,Purple,Bending,Bag,Visible,Neutral,3,6,1.96
11,184,72,Male,15,Evening,Low,Low,Brown,Upright,No Object,Not Visible,Happy,1,10,2.15
23,176,55,Female,37,Night,Medium,Medium,Yellow,Moving,Purse,Partially Visible,Happy,4,6,1.65
20,179,51,Male,34,Night,Medium,Medium,Blue,Upright,Laptop,Visible,Sad,2,59,2.37
21,187,45,Male,55,Night,Medium,Low,Purple,Upright,No Object,Not Visible,Neutral,7,22,1.75
23,156,45,Male,32,Afternoon,Medium,Medium,Blue,Bending,Laptop,Visible,Happy,11,7,1.6
7,149,68,Female,16,Afternoon,Very High,Low,Black,Upright,Bag,Visible,Neutral,1,46,1.95
10,171,66,Male,45,Afternoon,Medium,High,Red,Upright,Bag,Visible,Neutral,4,48,2.05
6,159,46,Male,19,Afternoon,Medium,Low,Purple,Upright,Purse,Visible,Happy,1,55,2.71
5,164,62,Male,55,Night,Very High,Medium,Brown,Upright,No Object,Partially Visible,Happy,1,36,1.76
21,155,58,Male,30,Morning,High,High,Blue,Mixed,No Object,Visible,Neutral,1,42,1.72
23,162,73,Female,49,Night,Medium,Medium,Brown,Moving,Bag,Visible,Neutral,7,38,2.1
8,162,94,Male,43,Night,Medium,High,Blue,Mixed,No Object,Visible,Neutral,11,43,1.86
19,160,79,Male,34,Night,Low,High,Black,Mixed,No Object,Not Visible,Happy,8,33,1.91
15,178,90,Male,40,Evening,Medium,Low,Black,Upright,No Object,Partially Visible,Happy,8,6,1.77
6,171,54,Female,20,Night,Medium,Low,Purple,Upright,No Object,Visible,Happy,2,14,2.11
23,166,55,Female,15,Morning,High,Medium,Green,Bending,No Object,Partially Visible,Neutral,10,56,1.94
22,150,82,Female,48,Night,High,Low,Red,Upright,Laptop,Visible,Sad,7,7,1.4
16,170,60,Male,58,Evening,Low,Medium,Black,Mixed,Purse,Not Visible,Neutral,11,9,1.65
19,152,87,Male,53,Night,Low,Low,Purple,Upright,No Object,Visible,Happy,5,49,2.71
12,159,68,Male,26,Morning,Medium,High,Yellow,Bending,No Object,Visible,Happy,8,57,2.21
20,163,55,Male,29,Night,Medium,Medium,Red,Bending,Purse,Visible,Happy,6,29,1.94
13,151,87,Female,29,Evening,Medium,Medium,Red,Mixed,Purse,Visible,Sad,6,12,1.5
24,162,72,Female,45,Morning,High,Medium,Yellow,Bending,Bag,Visible,Neutral,2,37,2.01
6,157,85,Male,41,Evening,Medium,High,Yellow,Bending,Laptop,Partially Visible,Sad,6,6,1.2
8,183,67,Female,50,Morning,Very High,Medium,Black,Upright,No Object,Visible,Neutral,2,24,1.5
24,183,51,Female,57,Morning,Medium,High,Red,Bending,Laptop,Visible,Neutral,9,35,1.75
10,145,79,Male,30,Evening,Low,High,Blue,Moving,Purse,Partially Visible,Neutral,8,53,2.22
11,172,51,Female,43,Night,Medium,Low,Yellow,Bending,Purse,Partially Visible,Neutral,10,11,1.59
20,173,78,Male,36,Morning,High,Low,Red,Moving,Purse,Not Visible,Neutral,6,38,1.77
8,162,65,Male,57,Afternoon,Medium,Low,Blue,Upright,No Object,Visible,Happy,10,6,1.71
15,166,84,Male,28,Afternoon,Medium,Medium,Black,Upright,No Object,Not Visible,Neutral,10,30,1.5
10,180,88,Female,21,Evening,Medium,Medium,Yellow,Mixed,Purse,Partially Visible,Sad,6,41,1.88
8,162,65,Female,30,Morning,High,Low,Yellow,Upright,No Object,Partially Visible,Happy,11,6,1.39
24,147,89,Male,41,Evening,Very High,High,Brown,Bending,Purse,Visible,Neutral,9,45,1.34
8,161,50,Female,57,Afternoon,Medium,Low,Black,Bending,No Object,Visible,Sad,4,59,2.47
6,156,50,Male,51,Night,Low,High,Green,Mixed,Purse,Visible,Neutral,6,21,1.88
18,162,94,Male,12,Afternoon,Medium,Medium,Red,Upright,Laptop,Partially Visible,Neutral,2,46,2.24
22,155,73,Male,36,Afternoon,Medium,Medium,Blue,Upright,No Object,Partially Visible,Happy,5,34,1.99
7,151,67,Female,19,Morning,Very High,Low,Blue,Moving,No Object,Visible,Neutral,4,55,2.0
19,189,52,Female,29,Night,Medium,Medium,Red,Bending,Purse,Visible,Sad,4,37,2.0
15,150,59,Male,57,Night,High,High,Yellow,Bending,No Object,Not Visible,Sad,4,49,1.58
21,176,79,Female,59,Afternoon,Very High,Low,Green,Upright,No Object,Visible,Happy,1,13,1.68
7,177,86,Female,19,Afternoon,High,Medium,Black,Upright,Purse,Partially Visible,Sad,5,19,1.4
24,172,90,Female,18,Night,Low,Medium,Blue,Mixed,No Object,Not Visible,Neutral,3,29,2.21
17,186,65,Male,45,Afternoon,High,Low,Brown,Bending,Purse,Visible,Neutral,3,54,2.29
21,145,67,Female,31,Morning,Medium,Medium,Red,Mixed,No Object,Partially Visible,Happy,9,40,2.1
12,158,53,Male,32,Morning,Medium,Medium,Brown,Mixed,No Object,Partially Visible,Happy,10,16,1.58
23,153,49,Male,53,Evening,Very High,High,Yellow,Bending,No Object,Visible,Neutral,2,53,1.82
17,170,66,Male,56,Morning,Medium,Medium,Green,Bending,Bag,Visible,Neutral,7,39,2.05
7,173,73,Female,55,Morning,Medium,Low,Blue,Bending,Purse,Not Visible,Sad,10,28,1.7
23,185,50,Female,49,Morning,Low,High,Yellow,Moving,No Object,Visible,Happy,7,26,2.07
20,162,65,Female,59,Night,Low,Low,Blue,Bending,No Object,Visible,Sad,1,43,2.51
11,155,77,Female,46,Night,High,High,Blue,Upright,Purse,Visible,Neutral,9,53,1.69
15,186,85,Female,54,Night,High,Medium,Green,Mixed,Purse,Partially Visible,Happy,1,32,1.9
12,175,91,Female,37,Afternoon,High,Low,Purple,Bending,No Object,Visible,Happy,7,51,2.27
15,179,62,Female,14,Afternoon,Medium,Medium,Black,Moving,No Object,Visible,Neutral,6,43,2.22
24,165,64,Female,51,Afternoon,Low,Low,Blue,Upright,No Object,Visible,Sad,6,9,1.87
22,165,88,Female,56,Evening,Medium,High,Black,Upright,Purse,Visible,Happy,3,48,2.3
9,162,79,Female,26,Morning,Medium,High,Green,Bending,Laptop,Partially Visible,Neutral,10,35,1.6
24,178,58,Male,32,Evening,High,Medium,Brown,Moving,Purse,Not Visible,Neutral,2,34,1.68
13,154,79,Male,39,Morning,High,Medium,Black,Upright,Purse,Visible,Neutral,11,38,1.63
19,188,52,Female,43,Afternoon,Very High,Medium,Brown,Upright,No Object,Partially Visible,Neutral,1,8,1.14
20,152,67,Male,44,Afternoon,High,Medium,Black,Moving,Purse,Partially Visible,Sad,4,54,1.91
14,165,60,Female,30,Evening,Medium,Low,Black,Mixed,Purse,Partially Visible,Happy,6,53,2.47
14,159,94,Female,53,Night,High,High,Black,Upright,No Object,Partially Visible,Happy,6,59,1.89
14,173,46,Female,51,Evening,High,Low,Green,Upright,Bag,Visible,Happy,3,38,2.17
22,175,87,Female,57,Afternoon,Very High,Low,Purple,Upright,No Object,Partially Visible,Sad,4,18,1.3
12,186,59,Male,39,Evening,Medium,Low,Blue,Upright,Purse,Partially Visible,Neutral,7,38,2.04
10,180,46,Male,15,Evening,High,High,Yellow,Upright,Purse,Partially Visible,Happy,1,20,1.56
12,156,78,Female,52,Morning,Medium,High,Brown,Bending,Laptop,Visible,Neutral,2,33,1.96
8,154,78,Female,15,Night,High,Low,Black,Bending,No Object,Visible,Neutral,5,49,2.24
12,184,52,Male,21,Night,Very High,Low,Green,Upright,Laptop,Visible,Neutral,1,14,1.53
7,166,46,Female,25,Morning,Very High,High,Black,Upright,No Object,Visible,Happy,1,30,1.42
6,149,50,Male,20,Morning,Low,Medium,Yellow,Mixed,No Object,Visible,Neutral,1,31,2.37
19,182,65,Female,46,Morning,Low,High,Blue,Upright,Laptop,Visible,Neutral,9,56,2.34
6,174,51,Female,33,Evening,High,High,Brown,Moving,No Object,Visible,Happy,2,34,1.76
16,146,80,Female,22,Morning,High,High,Yellow,Upright,Purse,Visible,Happy,3,23,1.59
20,180,48,Male,12,Morning,Very High,Low,Brown,Moving,No Object,Not Visible,Happy,9,26,1.43
19,172,84,Male,22,Evening,Medium,Medium,Blue,Moving,Bag,Partially Visible,Neutral,5,21,1.82
13,172,88,Female,45,Morning,High,High,Black,Upright,Purse,Visible,Happy,5,13,1.37
8,183,80,Female,50,Morning,High,Low,Blue,Bending,No Object,Partially Visible,Neutral,8,44,1.96
23,167,92,Male,26,Morning,Low,High,Purple,Bending,Laptop,Visible,Neutral,7,46,2.22
21,165,91,Male,15,Evening,Low,Medium,Green,Upright,No Object,Visible,Sad,5,15,1.86
17,172,47,Female,38,Afternoon,High,High,Green,Moving,Purse,Partially Visible,Neutral,10,30,1.36
6,153,62,Male,49,Afternoon,Low,Medium,Purple,Upright,Purse,Visible,Neutral,3,46,2.46
5,151,83,Female,15,Evening,High,Low,Green,Upright,Purse,Partially Visible,Neutral,3,43,2.07
11,182,61,Male,50,Morning,Medium,Medium,Blue,Mixed,Purse,Visible,Neutral,6,9,1.61
8,154,81,Male,20,Evening,Medium,Low,Purple,Upright,Laptop,Visible,Sad,10,7,1.44
22,167,83,Male,24,Afternoon,Medium,Low,Brown,Upright,Purse,Visible,Sad,10,8,1.59
9,157,94,Female,41,Evening,Very High,High,Brown,Upright,Bag,Visible,Neutral,9,32,1.22
10,155,61,Female,14,Evening,High,Low,Red,Mixed,No Object,Partially Visible,Neutral,1,55,2.3
24,171,62,Male,26,Evening,High,High,Black,Upright,No Object,Visible,Neutral,9,9,1.07
21,181,46,Male,18,Morning,High,Low,Black,Upright,Purse,Visible,Neutral,2,43,2.17
9,164,59,Female,22,Morning,Medium,Medium,Blue,Bending,No Object,Visible,Neutral,10,45,2.06
12,151,59,Male,49,Evening,Very High,High,Black,Moving,No Object,Partially Visible,Neutral,2,58,1.7
15,156,67,Female,22,Morning,Medium,Medium,Blue,Bending,Purse,Partially Visible,Neutral,2,36,2.02
18,152,66,Female,14,Afternoon,Medium,High,Black,Mixed,Purse,Not Visible,Happy,6,57,2.08
23,184,87,Male,22,Evening,Medium,High,Yellow,Upright,No Object,Partially Visible,Neutral,6,29,1.64
22,159,83,Male,16,Night,Medium,Medium,Yellow,Bending,No Object,Not Visible,Happy,4,19,1.73
24,161,81,Female,41,Evening,High,High,Blue,Bending,No Object,Visible,Neutral,6,58,1.93
5,148,45,Male,58,Night,Medium,Low,Blue,Upright,No Object,Partially Visible,Happy,8,33,2.09
9,165,68,Female,20,Evening,High,Medium,Red,Moving,No Object,Visible,Happy,8,22,1.56
16,186,81,Male,46,Afternoon,Very High,Low,Green,Bending,Laptop,Visible,Happy,8,40,1.97
5,163,57,Female,29,Morning,Medium,High,Red,Upright,No Object,Partially Visible,Neutral,3,28,1.82
12,174,66,Male,15,Evening,Low,Medium,Red,Upright,Laptop,Not Visible,Neutral,7,46,2.23
8,153,81,Female,45,Night,High,Medium,Purple,Upright,Bag,Partially Visible,Neutral,2,45,1.98
23,151,84,Female,22,Afternoon,Low,High,Yellow,Moving,No Object,Visible,Neutral,3,6,1.77
6,177,87,Male,36,Morning,High,Low,Black,Upright,Bag,Partially Visible,Sad,11,33,1.54
7,147,66,Female,36,Morning,Medium,High,Yellow,Mixed,No Object,Visible,Sad,1,52,2.11
8,165,64,Female,40,Evening,Medium,Low,Black,Upright,Purse,Partially Visible,Neutral,6,41,2.17
7,159,64,Female,18,Evening,Medium,Low,Brown,Mixed,Bag,Visible,Neutral,6,44,2.37
16,145,78,Male,24,Morning,Medium,Medium,Purple,Moving,Laptop,Visible,Neutral,3,58,2.49
12,168,65,Male,47,Morning,Medium,Low,Red,Upright,No Object,Visible,Neutral,1,23,2.22
23,188,65,Male,56,Evening,Medium,Medium,Green,Upright,No Object,Not Visible,Happy,2,43,2.21
10,148,53,Female,12,Afternoon,Medium,High,Red,Moving,No Object,Visible,Neutral,9,6,1.4
15,181,68,Female,31,Afternoon,Very High,High,Yellow,Upright,Bag,Visible,Happy,7,13,1.07
18,169,56,Male,54,Afternoon,Low,Low,Yellow,Upright,No Object,Visible,Sad,7,43,2.5
17,177,71,Male,25,Evening,Medium,Low,Yellow,Moving,Purse,Visible,Neutral,2,16,1.99
20,149,89,Female,33,Evening,Low,Low,Brown,Mixed,No Object,Visible,Sad,6,48,2.44
9,184,83,Female,55,Morning,Medium,Medium,Black,Moving,No Object,Partially Visible,Happy,3,52,2.48
15,145,68,Male,58,Morning,Low,Low,Red,Moving,No Object,Visible,Neutral,4,54,2.8
21,185,93,Male,43,Evening,High,Low,Yellow,Bending,No Object,Visible,Neutral,11,7,1.38
22,174,94,Female,45,Evening,Low,High,Purple,Moving,Purse,Visible,Sad,5,22,1.76
17,160,67,Female,41,Morning,High,High,Purple,Upright,No Object,Visible,Sad,1,33,1.52
18,145,83,Female,25,Morning,Medium,High,Green,Moving,No Object,Partially Visible,Happy,7,5,1.34
22,172,62,Female,54,Evening,Medium,Low,Blue,Bending,Purse,Visible,Sad,3,54,2.44
17,148,88,Male,13,Afternoon,Low,Medium,Brown,Bending,No Object,Partially Visible,Sad,1,58,2.53
23,172,63,Male,14,Morning,High,Low,Red,Mixed,Purse,Visible,Sad,8,47,1.83
7,179,57,Male,40,Evening,Very High,Low,Red,Upright,Purse,Visible,Neutral,7,20,1.5
11,157,51,Male,52,Morning,Low,Medium,Yellow,Bending,Purse,Visible,Sad,3,11,1.83
7,155,87,Male,51,Morning,Very High,High,Purple,Bending,No Object,Partially Visible,Happy,9,50,1.55
6,154,59,Male,44,Evening,Medium,Medium,Green,Upright,No Object,Visible,Happy,3,45,2.32
14,155,85,Male,30,Morning,Medium,Low,Black,Upright,Laptop,Partially Visible,Happy,6,57,2.55
9,150,49,Female,29,Morning,High,Medium,Black,Mixed,Laptop,Not Visible,Neutral,7,26,1.47
13,156,70,Male,32,Night,Low,High,Red,Upright,No Object,Visible,Sad,2,14,1.79
13,174,66,Female,24,Morning,Medium,Low,Blue,Bending,No Object,Visible,Neutral,8,54,2.39
17,158,66,Male,32,Evening,Low,High,Green,Bending,No Object,Visible,Neutral,6,10,1.72
23,180,53,Male,17,Night,High,Low,Yellow,Moving,Purse,Visible,Neutral,5,36,2.0
21,181,48,Female,27,Night,Medium,Low,Black,Moving,No Object,Visible,Neutral,9,30,2.0
12,179,62,Female,57,Night,Very High,High,Yellow,Upright,Bag,Partially Visible,Neutral,9,35,1.09
11,169,68,Female,45,Afternoon,Medium,Low,Blue,Upright,No Object,Partially Visible,Neutral,6,27,1.94
20,159,84,Male,18,Night,Very High,Medium,Purple,Moving,Bag,Partially Visible,Neutral,9,5,0.86
7,186,68,Male,25,Morning,Low,Low,Purple,Upright,No Object,Visible,Neutral,1,39,2.64
15,154,57,Male,24,Afternoon,High,Medium,Black,Bending,No Object,Visible,Sad,7,18,1.42
13,165,58,Female,25,Morning,Medium,Medium,Blue,Upright,No Object,Partially Visible,Neutral,4,11,1.66
8,165,75,Male,45,Evening,Low,High,Purple,Upright,No Object,Visible,Neutral,7,27,1.87
17,178,66,Male,54,Night,Low,High,Yellow,Mixed,Bag,Partially Visible,Neutral,7,20,1.82
11,169,90,Male,46,Night,High,Medium,Black,Mixed,No Object,Partially Visible,Sad,9,44,1.59
8,180,66,Female,35,Night,Low,Low,Blue,Moving,No Object,Visible,Neutral,7,24,2.26
18,186,73,Female,19,Morning,Medium,Low,Brown,Upright,Bag,Visible,Sad,1,33,2.13
8,162,48,Female,18,Night,Very High,Medium,Green,Mixed,No Object,Partially Visible,Neutral,11,31,1.18
18,184,54,Female,51,Evening,Medium,Medium,Brown,Bending,No Object,Partially Visible,Happy,6,51,2.33
8,152,87,Female,44,Afternoon,Low,Low,Yellow,Mixed,No Object,Visible,Neutral,2,10,2.13
13,186,62,Female,36,Morning,Low,High,Black,Upright,No Object,Visible,Happy,2,6,1.87
21,153,66,Male,39,Morning,Low,Low,Red,Upright,Bag,Visible,Happy,1,52,2.97
9,183,74,Female,52,Night,Medium,Low,Black,Bending,No Object,Partially Visible,Happy,3,22,2.06
20,162,47,Male,51,Afternoon,High,High,Purple,Mixed,Purse,Visible,Neutral,3,44,1.7
19,188,70,Male,16,Evening,Medium,Medium,Blue,Upright,No Object,Not Visible,Neutral,11,37,1.76
23,150,62,Male,30,Night,Low,Medium,Purple,Upright,No Object,Not Visible,Neutral,9,46,2.3
8,165,52,Male,14,Afternoon,High,Low,Green,Bending,Purse,Not Visible,Neutral,1,41,2.03
19,185,65,Female,30,Morning,Medium,Medium,Brown,Mixed,Purse,Visible,Neutral,4,18,1.83
23,147,67,Female,42,Afternoon,Medium,Medium,Brown,Moving,Purse,Visible,Sad,4,32,1.85
20,156,54,Female,22,Morning,Very High,Low,Blue,Mixed,No Object,Not Visible,Sad,5,21,1.29
8,148,72,Female,19,Morning,Medium,Medium,Red,Bending,No Object,Partially Visible,Neutral,2,26,1.88
21,159,82,Male,35,Night,Medium,Low,Purple,Moving,Purse,Visible,Happy,3,34,2.43
7,162,58,Female,37,Afternoon,High,Low,Brown,Bending,Purse,Not Visible,Sad,7,8,1.24
16,172,93,Female,46,Evening,High,Low,Brown,Upright,No Object,Partially Visible,Sad,6,6,1.32
14,156,75,Male,12,Evening,High,Low,Green,Moving,No Object,Partially Visible,Happy,10,43,1.99
15,152,83,Female,23,Evening,High,Low,Red,Bending,Purse,Not Visible,Neutral,11,9,1.25
15,152,48,Female,49,Evening,Medium,High,Blue,Upright,No Object,Not Visible,Neutral,5,54,1.98
5,187,83,Female,44,Morning,Medium,Medium,Black,Upright,Purse,Partially Visible,Neutral,9,40,1.95
15,187,61,Female,55,Evening,High,Low,Brown,Moving,Purse,Visible,Neutral,10,49,1.98
23,154,80,Female,51,Night,High,Medium,Green,Moving,No Object,Partially Visible,Happy,4,30,1.76
13,153,85,Female,52,Morning,High,Low,Blue,Upright,No Object,Partially Visible,Happy,5,43,2.19
10,147,57,Male,36,Morning,Medium,Medium,Blue,Mixed,Purse,Partially Visible,Neutral,7,15,1.59
24,188,57,Female,58,Evening,High,High,Purple,Upright,Purse,Visible,Neutral,10,39,1.49
6,176,47,Male,31,Night,Low,Medium,Brown,Upright,Bag,Partially Visible,Neutral,9,22,1.93
14,179,75,Male,55,Afternoon,Low,Medium,Purple,Upright,Purse,Partially Visible,Happy,10,47,2.39
15,158,83,Female,30,Night,Medium,Low,Red,Upright,No Object,Not Visible,Neutral,9,25,1.71
14,173,65,Male,33,Morning,Medium,Low,Black,Upright,No Object,Not Visible,Sad,2,47,2.23
23,147,53,Female,44,Evening,High,High,Black,Moving,Purse,Visible,Happy,3,54,2.07
13,175,60,Male,31,Night,Low,Medium,Green,Moving,No Object,Partially Visible,Neutral,10,5,1.63
24,171,65,Male,19,Afternoon,High,Medium,Green,Bending,Purse,Partially Visible,Neutral,5,8,1.29
6,159,90,Male,55,Evening,Medium,High,Red,Moving,No Object,Partially Visible,Happy,3,24,1.8
19,176,51,Male,33,Morning,Low,Low,Red,Mixed,No Object,Visible,Sad,4,35,2.27
16,174,62,Female,56,Evening,Medium,High,Yellow,Upright,No Object,Partially Visible,Sad,6,52,1.83
9,164,76,Male,31,Evening,Medium,Medium,Black,Upright,Laptop,Partially Visible,Neutral,7,29,1.83
9,153,56,Female,58,Night,High,Low,Blue,Upright,Purse,Visible,Neutral,3,51,2.39
19,146,89,Female,40,Morning,Medium,Low,Green,Bending,Purse,Not Visible,Happy,3,45,2.39
17,187,90,Male,48,Afternoon,Low,Medium,Purple,Upright,No Object,Not Visible,Neutral,5,44,2.22
17,157,64,Female,48,Evening,Medium,Low,Black,Bending,Bag,Not Visible,Happy,3,55,2.53
6,158,82,Male,21,Night,Low,Medium,Purple,Bending,Laptop,Not Visible,Neutral,11,21,1.68
16,175,82,Male,51,Morning,Low,Medium,Blue,Bending,No Object,Visible,Happy,1,41,2.67
24,156,79,Female,57,Evening,Very High,Medium,Red,Upright,Purse,Not Visible,Neutral,9,48,1.44
5,161,54,Female,43,Night,Low,Medium,Black,Upright,Bag,Not Visible,Sad,4,58,2.42
14,177,47,Female,57,Evening,Low,Medium,Brown,Upright,No Object,Partially Visible,Happy,7,17,1.98
14,171,62,Male,52,Afternoon,Very High,Medium,Purple,Moving,No Object,Visible,Neutral,4,48,1.81
22,174,51,Male,43,Morning,High,High,Black,Bending,Purse,Visible,Sad,11,17,0.94
10,145,59,Female,34,Afternoon,Medium,Low,Blue,Bending,No Object,Visible,Happy,11,57,2.48
14,165,76,Female,53,Morning,High,High,Black,Bending,Purse,Partially Visible,Sad,4,34,1.44
19,166,74,Female,20,Morning,Very High,Low,Green,Bending,Purse,Partially Visible,Neutral,1,53,2.0
6,173,55,Male,38,Afternoon,Low,Low,Blue,Upright,No Object,Partially Visible,Neutral,2,36,2.5
21,151,45,Female,51,Morning,Low,Medium,Red,Upright,No Object,Partially Visible,Neutral,8,9,1.73
21,152,56,Male,57,Morning,Very High,Low,Yellow,Upright,Purse,Visible,Happy,10,24,1.56
19,179,67,Male,24,Evening,High,Low,Brown,Upright,No Object,Visible,Happy,1,38,2.27
17,175,83,Male,16,Morning,Very High,Low,Blue,Upright,No Object,Partially Visible,Neutral,1,38,1.81
19,181,63,Male,28,Morning,Medium,Medium,Black,Moving,No Object,Visible,Neutral,6,35,2.04
20,157,59,Female,53,Evening,Very High,Medium,Purple,Upright,Laptop,Not Visible,Sad,9,44,1.19
23,189,72,Male,37,Night,Medium,Low,Yellow,Upright,No Object,Not Visible,Neutral,9,36,1.9
13,157,48,Female,14,Evening,High,Medium,Black,Upright,No Object,Visible,Happy,1,14,1.63
14,174,56,Male,17,Morning,Very High,Low,Red,Upright,Purse,Partially Visible,Happy,11,9,1.2
17,152,46,Female,28,Morning,Low,High,Brown,Upright,No Object,Not Visible,Sad,4,20,1.64
8,186,71,Male,28,Evening,Low,Low,Black,Upright,Purse,Not Visible,Happy,3,12,2.2
22,159,67,Male,18,Evening,Medium,Medium,Purple,Upright,No Object,Partially Visible,Sad,4,43,1.99
20,181,74,Male,35,Afternoon,High,Medium,Black,Mixed,Laptop,Not Visible,Happy,9,58,1.93
17,159,75,Female,34,Night,Low,Medium,Yellow,Upright,No Object,Partially Visible,Happy,4,55,2.65
11,180,64,Male,21,Night,Very High,High,Black,Upright,No Object,Visible,Happy,8,36,1.3
11,165,88,Female,23,Evening,Medium,Low,Black,Upright,No Object,Partially Visible,Neutral,3,53,2.43
13,147,90,Female,43,Evening,Medium,Medium,Green,Upright,Bag,Partially Visible,Neutral,2,41,2.01
18,153,50,Male,57,Night,Medium,Medium,Green,Bending,Laptop,Not Visible,Sad,2,12,1.51
20,175,91,Female,59,Morning,Very High,Medium,Green,Upright,No Object,Visible,Neutral,5,37,1.54
18,153,54,Male,38,Evening,Low,Low,Black,Moving,No Object,Visible,Happy,1,36,2.7
23,157,57,Male,13,Night,Medium,Low,Purple,Mixed,No Object,Partially Visible,Neutral,7,35,2.02
24,169,71,Male,55,Morning,Low,Low,Green,Moving,No Object,Not Visible,Neutral,9,49,2.35
19,156,46,Female,57,Morning,Very High,Low,Black,Upright,No Object,Partially Visible,Neutral,7,59,1.96
12,150,63,Female,25,Afternoon,High,High,Purple,Upright,Laptop,Visible,Neutral,6,18,1.24
16,173,54,Male,31,Afternoon,Low,High,Blue,Upright,No Object,Not Visible,Sad,2,5,1.48
13,176,69,Male,13,Night,Medium,Low,Blue,Moving,Laptop,Partially Visible,Neutral,2,40,2.25
17,177,85,Female,50,Afternoon,Medium,Medium,Black,Upright,No Object,Not Visible,Neutral,2,11,1.51
21,187,91,Male,49,Evening,Medium,Medium,Green,Bending,Laptop,Not Visible,Neutral,1,28,1.94
12,150,55,Female,12,Night,High,Low,Green,Upright,No Object,Visible,Neutral,7,56,2.28
15,164,72,Female,45,Night,Medium,Medium,Yellow,Upright,No Object,Not Visible,Neutral,4,41,1.96
5,155,68,Male,31,Evening,Medium,Medium,Black,Upright,Purse,Visible,Happy,8,56,2.34
19,185,65,Female,38,Night,High,Low,Green,Upright,No Object,Not Visible,Happy,4,6,1.5
14,169,76,Male,22,Evening,Medium,Medium,Black,Bending,Laptop,Visible,Sad,4,43,2.01
14,149,94,Female,51,Morning,Low,Low,Purple,Bending,Purse,Partially Visible,Sad,6,22,2.0
15,176,65,Male,31,Evening,Low,Low,Purple,Upright,Bag,Visible,Happy,4,9,2.24
9,146,48,Female,52,Afternoon,Medium,Medium,Blue,Upright,Laptop,Visible,Sad,2,21,1.89
16,157,90,Female,19,Afternoon,High,Medium,Red,Moving,No Object,Not Visible,Neutral,1,56,2.03
19,177,91,Male,40,Evening,Low,High,Red,Upright,No Object,Visible,Happy,11,28,1.98
11,167,61,Male,26,Afternoon,Medium,Low,Black,Bending,Purse,Visible,Sad,2,55,2.49
7,179,70,Female,58,Morning,Medium,Medium,Brown,Upright,No Object,Not Visible,Sad,3,11,1.36
12,170,88,Female,38,Night,High,High,Red,Bending,Purse,Visible,Neutral,5,41,1.68
8,182,70,Male,46,Evening,Low,Medium,Black,Bending,No Object,Partially Visible,Neutral,5,29,2.1
12,170,69,Male,16,Evening,Medium,High,Green,Upright,Purse,Not Visible,Neutral,9,21,1.43
17,147,91,Male,44,Night,Low,High,Purple,Bending,No Object,Visible,Neutral,8,34,2.07
7,148,86,Female,16,Evening,Medium,High,Brown,Bending,No Object,Visible,Neutral,7,38,1.85
19,179,70,Female,29,Evening,Low,High,Green,Upright,Bag,Partially Visible,Neutral,4,6,1.67
9,146,53,Male,22,Night,Medium,Medium,Brown,Moving,Laptop,Partially Visible,Neutral,11,40,1.83
22,161,66,Male,12,Afternoon,High,Medium,Red,Upright,No Object,Visible,Neutral,1,21,1.74
19,145,78,Male,40,Night,Low,High,Black,Upright,No Object,Partially Visible,Sad,4,49,2.14
10,158,58,Male,23,Evening,High,High,Green,Moving,Purse,Visible,Sad,5,14,1.21
16,171,71,Female,36,Morning,Medium,Low,Blue,Moving,No Object,Visible,Happy,4,20,2.19
7,152,77,Female,48,Morning,Medium,Low,Green,Upright,Purse,Visible,Neutral,7,58,2.53
6,165,49,Female,20,Night,Medium,Low,Brown,Bending,Purse,Not Visible,Happy,1,18,1.99
24,189,73,Male,46,Night,Medium,High,Brown,Upright,No Object,Visible,Neutral,10,12,1.33
21,148,81,Male,26,Night,High,Low,Purple,Moving,No Object,Visible,Happy,2,35,2.2
8,147,55,Male,27,Morning,High,Low,Blue,Upright,No Object,Not Visible,Sad,5,39,1.78
10,157,72,Male,39,Night,High,Medium,Brown,Moving,No Object,Visible,Neutral,7,36,1.74
8,182,80,Female,42,Night,Medium,Low,Black,Upright,Purse,Not Visible,Neutral,10,27,1.76
12,163,47,Male,43,Night,High,High,Purple,Upright,No Object,Not Visible,Neutral,7,10,1.01
10,173,77,Female,21,Afternoon,Low,Medium,Purple,Moving,Bag,Visible,Happy,7,20,2.1
11,146,57,Male,39,Evening,Medium,Low,Brown,Upright,Purse,Visible,Happy,3,8,1.97
15,178,64,Female,24,Afternoon,Low,Low,Green,Upright,No Object,Visible,Happy,8,51,2.82
8,148,77,Male,25,Morning,Low,High,Black,Upright,Purse,Visible,Neutral,7,19,1.77
22,177,45,Male,57,Evening,High,Medium,Brown,Bending,No Object,Visible,Sad,1,41,1.89
19,151,45,Male,16,Morning,Very High,Medium,Yellow,Upright,No Object,Visible,Happy,5,19,1.41
20,183,67,Female,31,Morning,Low,Low,Blue,Bending,Purse,Visible,Neutral,10,39,2.3
8,158,92,Female,33,Morning,Medium,High,Purple,Upright,No Object,Not Visible,Happy,10,10,1.22
19,153,45,Female,23,Afternoon,High,High,Yellow,Bending,No Object,Visible,Neutral,3,10,1.28
21,160,84,Female,49,Morning,Very High,Medium,Red,Mixed,No Object,Visible,Neutral,9,22,1.11
8,145,48,Male,35,Night,High,Medium,Blue,Upright,No Object,Visible,Sad,4,19,1.54
20,152,69,Male,46,Night,Low,High,Blue,Bending,Purse,Visible,Sad,9,22,1.64
12,171,66,Male,30,Night,Low,Medium,Brown,Upright,Bag,Partially Visible,Neutral,6,20,1.92
20,158,68,Male,55,Afternoon,High,Medium,Blue,Upright,Purse,Partially Visible,Neutral,4,43,1.91
14,160,49,Male,47,Morning,Low,High,Green,Moving,Bag,Visible,Happy,11,28,1.92
21,181,82,Male,27,Evening,Very High,High,Blue,Moving,Purse,Partially Visible,Happy,3,13,1.15
7,150,58,Female,58,Evening,Very High,Medium,Red,Moving,No Object,Visible,Sad,4,55,1.71
12,162,83,Male,53,Morning,Very High,High,Black,Mixed,Laptop,Not Visible,Neutral,11,39,1.07
10,153,77,Male,40,Night,Medium,Medium,Green,Upright,No Object,Visible,Neutral,3,27,2.01
9,166,72,Male,12,Afternoon,High,Medium,Black,Bending,No Object,Partially Visible,Happy,3,33,1.8
11,159,60,Female,40,Night,High,Low,Blue,Upright,Bag,Visible,Happy,11,23,1.74
12,147,77,Female,45,Morning,Low,Medium,Green,Mixed,Purse,Visible,Neutral,6,26,1.99
7,148,94,Female,29,Afternoon,Medium,Low,Purple,Bending,Bag,Partially Visible,Neutral,9,8,1.66
19,183,91,Male,18,Afternoon,Low,Low,Yellow,Upright,No Object,Visible,Sad,1,50,2.65
16,147,90,Male,39,Morning,Medium,High,Blue,Moving,Purse,Partially Visible,Neutral,8,26,1.54
21,180,55,Male,50,Evening,Very High,Low,Blue,Bending,No Object,Partially Visible,Sad,2,43,1.71
19,186,74,Female,27,Night,High,High,Purple,Mixed,No Object,Visible,Happy,5,7,1.25
7,165,64,Male,33,Evening,Medium,Low,Brown,Moving,Laptop,Not Visible,Happy,3,10,1.8
6,159,93,Male,12,Afternoon,Medium,Low,Black,Moving,No Object,Visible,Happy,5,25,2.2
13,179,92,Male,45,Evening,Low,Low,Brown,Bending,Purse,Not Visible,Happy,5,7,2.02
14,189,88,Male,53,Afternoon,Medium,Medium,Blue,Bending,Laptop,Visible,Sad,11,58,2.03
9,150,53,Male,49,Afternoon,Low,Medium,Green,Moving,Laptop,Visible,Sad,8,7,1.67
20,188,60,Female,32,Night,High,Low,Green,Upright,No Object,Visible,Neutral,1,35,2.1
16,187,80,Female,14,Evening,High,Medium,Yellow,Upright,No Object,Partially Visible,Neutral,6,24,1.48
19,151,82,Male,35,Afternoon,High,Medium,Blue,Mixed,Bag,Partially Visible,Neutral,9,16,1.23
7,147,62,Male,57,Afternoon,Very High,Low,Black,Mixed,Purse,Partially Visible,Neutral,6,12,1.25
21,177,51,Female,16,Night,Low,Low,Yellow,Mixed,No Object,Visible,Happy,7,21,2.32
9,148,51,Female,22,Evening,High,Low,Blue,Upright,No Object,Visible,Neutral,6,7,1.5
13,172,79,Female,52,Morning,Low,Low,Red,Upright,No Object,Partially Visible,Happy,11,36,2.3
13,147,67,Female,39,Night,Medium,Low,Yellow,Mixed,Bag,Not Visible,Sad,8,17,1.59
21,176,69,Male,20,Evening,Medium,Medium,Purple,Upright,No Object,Visible,Neutral,7,6,1.59
10,155,85,Male,13,Afternoon,Low,Medium,Black,Upright,Purse,Not Visible,Neutral,11,11,1.54
9,149,45,Male,31,Night,Low,High,Red,Upright,No Object,Partially Visible,Sad,4,54,2.2
11,147,82,Male,40,Night,Medium,High,Black,Moving,No Object,Partially Visible,Neutral,9,18,1.53
12,153,58,Male,52,Night,Low,Medium,Green,Bending,Purse,Partially Visible,Happy,9,36,2.22
8,169,91,Male,54,Afternoon,Very High,Low,Brown,Upright,Laptop,Visible,Neutral,5,27,1.52
8,148,92,Female,33,Night,Medium,Low,Red,Bending,No Object,Visible,Neutral,11,32,1.96
9,181,70,Female,32,Night,Medium,Medium,Yellow,Upright,No Object,Partially Visible,Neutral,4,51,2.18
14,172,60,Female,56,Night,Very High,Low,Brown,Moving,Purse,Not Visible,Happy,10,44,1.67
11,158,56,Male,49,Evening,Medium,Low,Brown,Bending,No Object,Partially Visible,Happy,1,35,2.38
12,189,54,Male,22,Afternoon,Medium,High,Black,Bending,No Object,Visible,Neutral,4,16,1.56
19,174,94,Female,44,Morning,Very High,Low,Blue,Upright,Purse,Visible,Neutral,4,51,2.07
9,175,54,Female,46,Night,Low,Low,Purple,Upright,No Object,Visible,Happy,4,6,2.17
23,152,67,Female,23,Evening,Low,High,Blue,Upright,Purse,Partially Visible,Neutral,5,35,1.99
20,176,68,Female,58,Night,Medium,Low,Green,Mixed,No Object,Visible,Neutral,9,38,2.07
8,170,78,Male,26,Evening,Medium,Low,Purple,Upright,Purse,Visible,Happy,5,57,2.61
11,189,87,Female,38,Evening,High,Low,Red,Upright,Laptop,Partially Visible,Neutral,7,13,1.42
8,166,72,Male,35,Morning,Low,Medium,Red,Upright,Laptop,Visible,Neutral,2,20,2.13
10,175,82,Male,45,Afternoon,High,High,Yellow,Mixed,Purse,Visible,Neutral,1,5,1.22
12,160,73,Female,55,Evening,High,Medium,Green,Moving,Purse,Partially Visible,Neutral,5,18,1.48
7,146,66,Male,30,Morning,Very High,Medium,Brown,Upright,No Object,Visible,Happy,2,56,2.02
5,150,52,Male,30,Morning,Low,Low,Brown,Bending,No Object,Visible,Neutral,2,5,2.14
13,184,55,Male,48,Evening,Low,Low,Yellow,Upright,No Object,Visible,Neutral,1,48,2.79
19,178,66,Male,57,Morning,Very High,Medium,Brown,Moving,Purse,Visible,Neutral,4,56,1.9
11,161,47,Male,55,Evening,High,Low,Green,Mixed,No Object,Not Visible,Neutral,2,11,1.57
22,176,60,Male,48,Afternoon,Low,Low,Black,Moving,No Object,Partially Visible,Neutral,2,24,2.4
12,145,68,Male,45,Afternoon,Low,Medium,Yellow,Moving,Purse,Visible,Happy,4,54,2.67
23,146,68,Female,48,Morning,High,High,Green,Bending,Purse,Visible,Happy,3,44,1.95
9,167,85,Male,56,Afternoon,Medium,High,Blue,Upright,No Object,Visible,Happy,11,8,1.4
15,173,93,Female,12,Evening,Medium,High,Black,Bending,No Object,Not Visible,Neutral,8,52,1.9
20,187,81,Male,40,Evening,Very High,Medium,Purple,Moving,Purse,Partially Visible,Neutral,8,49,1.57
6,179,48,Female,13,Afternoon,Low,High,Red,Upright,Bag,Partially Visible,Neutral,8,22,1.79
23,156,65,Male,39,Morning,Low,High,Blue,Bending,Purse,Visible,Happy,1,27,2.15
12,181,81,Male,30,Night,High,Low,Purple,Upright,No Object,Not Visible,Neutral,6,21,1.5
14,167,74,Male,26,Night,Very High,Medium,Yellow,Upright,Laptop,Not Visible,Happy,7,33,1.37
17,182,67,Female,54,Night,Medium,Low,Red,Moving,No Object,Visible,Happy,11,47,2.32
17,152,66,Female,46,Afternoon,High,High,Blue,Upright,No Object,Visible,Neutral,5,41,1.69
5,146,65,Female,39,Evening,Low,High,Brown,Moving,No Object,Visible,Happy,4,58,2.55
22,147,73,Female,54,Morning,Low,High,Yellow,Upright,No Object,Partially Visible,Happy,9,10,1.59
17,189,53,Female,16,Night,Very High,Low,Yellow,Bending,Purse,Visible,Neutral,3,55,2.03
24,148,70,Male,43,Morning,Low,High,Purple,Mixed,Purse,Visible,Happy,10,54,2.26
14,187,55,Male,19,Afternoon,Low,Low,Black,Moving,Laptop,Partially Visible,Sad,4,26,2.14
17,177,79,Female,23,Night,High,Low,Purple,Moving,Purse,Partially Visible,Sad,1,12,1.53
13,151,88,Female,20,Evening,Medium,Medium,Brown,Upright,No Object,Visible,Neutral,4,17,1.81
22,183,70,Male,38,Night,Medium,High,Black,Upright,Purse,Visible,Happy,11,56,2.11
21,151,64,Female,42,Afternoon,High,High,Brown,Moving,Purse,Visible,Neutral,5,5,1.23
23,151,92,Female,48,Morning,Low,Low,Black,Moving,Purse,Visible,Neutral,1,10,2.24
15,170,77,Male,33,Morning,High,Low,Brown,Moving,No Object,Not Visible,Neutral,5,8,1.43
20,157,66,Female,57,Morning,Medium,Medium,Yellow,Moving,Purse,Partially Visible,Happy,9,14,1.65
12,158,46,Female,29,Morning,Low,Low,Purple,Upright,Purse,Not Visible,Happy,1,48,2.76
14,153,45,Male,19,Afternoon,High,High,Brown,Upright,No Object,Partially Visible,Happy,10,8,1.07
20,172,56,Female,13,Morning,Medium,Low,Red,Mixed,Laptop,Partially Visible,Neutral,9,58,2.35
6,146,56,Female,18,Morning,Very High,Low,Brown,Bending,No Object,Visible,Neutral,9,26,1.55
19,156,81,Female,33,Afternoon,Very High,Medium,Blue,Moving,No Object,Visible,Sad,9,34,1.27
5,169,70,Female,31,Evening,High,Medium,Blue,Bending,Purse,Not Visible,Happy,2,37,1.79
16,166,94,Female,53,Evening,Medium,High,Purple,Mixed,Laptop,Partially Visible,Neutral,9,49,1.89
14,176,72,Female,18,Morning,Low,Low,Black,Moving,Purse,Not Visible,Happy,3,39,2.58
14,154,90,Female,24,Night,Very High,Low,Yellow,Upright,No Object,Partially Visible,Happy,2,8,1.44
14,174,72,Male,59,Evening,Medium,High,Green,Moving,Bag,Visible,Neutral,1,50,2.1
14,179,62,Male,13,Afternoon,High,Medium,Brown,Upright,No Object,Visible,Happy,2,9,1.66
13,162,80,Male,32,Afternoon,High,Low,Brown,Upright,No Object,Visible,Sad,2,34,1.92
14,156,67,Male,21,Night,Medium,Low,Purple,Moving,Purse,Partially Visible,Sad,10,52,2.09
16,169,58,Female,37,Afternoon,Low,High,Blue,Upright,No Object,Not Visible,Happy,1,33,2.2
20,171,68,Female,58,Morning,High,Medium,Black,Upright,Purse,Not Visible,Happy,8,28,1.44
16,149,78,Male,22,Afternoon,Medium,Low,Green,Bending,Bag,Partially Visible,Happy,1,22,2.18
17,170,63,Male,29,Morning,Medium,Low,Black,Mixed,No Object,Visible,Sad,11,48,2.07
21,151,80,Female,33,Morning,Medium,Low,Yellow,Upright,No Object,Visible,Happy,7,40,2.41
24,170,94,Male,50,Afternoon,High,Low,Red,Moving,No Object,Visible,Neutral,6,49,2.15
7,186,65,Female,59,Morning,Medium,Low,Black,Bending,Purse,Not Visible,Happy,1,54,2.53
19,169,59,Male,16,Afternoon,Low,Low,Green,Upright,Purse,Partially Visible,Neutral,10,37,2.31
9,179,65,Male,35,Morning,High,Low,Purple,Moving,Bag,Partially Visible,Happy,5,24,1.71
8,158,86,Male,48,Evening,High,Low,Blue,Bending,Purse,Not Visible,Sad,2,37,1.82
20,186,53,Male,12,Morning,Very High,Medium,Blue,Moving,Bag,Visible,Neutral,8,24,1.21
6,181,93,Female,50,Morning,Low,Medium,Red,Moving,No Object,Not Visible,Happy,11,16,1.75
21,186,65,Male,23,Night,Very High,High,Black,Mixed,No Object,Partially Visible,Happy,1,23,1.31
20,178,87,Male,36,Morning,High,Low,Red,Moving,No Object,Visible,Neutral,3,31,2.0
24,174,84,Male,58,Afternoon,High,High,Black,Upright,Purse,Partially Visible,Neutral,8,17,1.27
18,168,84,Male,42,Evening,Medium,High,Blue,Moving,No Object,Visible,Sad,1,22,1.56
22,186,90,Female,59,Afternoon,Low,High,Green,Bending,No Object,Partially Visible,Neutral,9,36,1.93
7,183,54,Female,40,Afternoon,Medium,Low,Brown,Upright,No Object,Visible,Sad,7,12,1.79
22,163,74,Female,22,Morning,Medium,Low,Brown,Bending,No Object,Visible,Happy,6,10,1.89
8,148,49,Female,45,Afternoon,Medium,Medium,Red,Moving,Purse,Partially Visible,Sad,4,47,2.0
11,145,59,Male,41,Night,Very High,Low,Blue,Upright,Laptop,Visible,Sad,6,50,1.79
7,155,47,Male,26,Evening,Low,Low,Green,Upright,No Object,Visible,Neutral,1,22,2.42
13,147,79,Female,15,Night,Very High,Low,Black,Bending,Purse,Not Visible,Sad,9,12,0.99
19,154,75,Female,43,Evening,Medium,Medium,Purple,Upright,No Object,Visible,Neutral,7,30,1.87
10,149,82,Female,39,Night,High,High,Red,Moving,No Object,Partially Visible,Neutral,6,14,1.13
21,189,53,Male,49,Afternoon,Medium,Low,Red,Upright,No Object,Partially Visible,Happy,9,53,2.46
17,149,61,Female,18,Evening,High,High,Brown,Moving,Purse,Visible,Happy,6,8,1.24
17,173,78,Female,37,Evening,Medium,High,Purple,Moving,Purse,Not Visible,Neutral,5,32,1.54
23,160,86,Male,51,Night,Very High,Low,Yellow,Upright,Purse,Visible,Sad,9,25,1.24
13,152,89,Male,54,Evening,Low,Medium,Black,Bending,Laptop,Visible,Sad,11,30,1.87
11,176,48,Female,57,Afternoon,Low,Low,Red,Upright,No Object,Visible,Neutral,10,46,2.54
24,188,65,Male,22,Morning,Very High,High,Brown,Upright,Purse,Partially Visible,Sad,6,19,0.82
16,180,45,Female,20,Night,Low,Medium,Black,Bending,Purse,Visible,Neutral,5,55,2.65
17,188,85,Female,39,Afternoon,High,Medium,Black,Upright,No Object,Visible,Neutral,2,58,2.28
10,171,51,Male,34,Night,Low,Medium,Black,Moving,No Object,Partially Visible,Happy,5,28,2.22
9,175,86,Male,23,Evening,Low,Low,Black,Bending,No Object,Partially Visible,Neutral,10,26,1.96
8,151,52,Female,16,Morning,Medium,High,Yellow,Upright,No Object,Visible,Neutral,9,17,1.4
9,183,45,Male,18,Evening,Medium,High,Blue,Upright,No Object,Visible,Neutral,2,49,2.11
8,178,88,Female,28,Afternoon,Medium,Medium,Red,Moving,No Object,Visible,Neutral,6,44,2.22
19,156,66,Male,47,Morning,Medium,Medium,Red,Upright,Bag,Visible,Sad,8,29,1.7
6,160,66,Male,15,Afternoon,High,Low,Green,Moving,Laptop,Partially Visible,Sad,8,42,1.73
17,172,77,Female,17,Evening,Very High,Low,Black,Upright,Purse,Visible,Neutral,10,25,1.41
23,145,58,Female,24,Morning,Medium,Low,Yellow,Mixed,Purse,Visible,Neutral,1,42,2.36
20,181,79,Female,53,Evening,Medium,Medium,Black,Upright,Bag,Visible,Neutral,6,50,2.22
13,157,66,Female,59,Night,Medium,High,Black,Upright,No Object,Partially Visible,Neutral,2,29,1.73
6,148,58,Female,33,Morning,High,High,Purple,Bending,Purse,Partially Visible,Neutral,8,41,1.65
21,159,64,Female,14,Morning,Medium,Low,Yellow,Upright,Purse,Visible,Sad,6,36,2.02
5,182,45,Female,12,Morning,High,Low,Brown,Moving,Bag,Partially Visible,Sad,5,8,1.45
18,157,60,Male,53,Evening,Medium,Low,Green,Upright,Purse,Partially Visible,Neutral,10,8,1.51
18,169,74,Male,33,Night,High,High,Blue,Upright,No Object,Visible,Neutral,10,19,1.22
8,181,51,Female,15,Night,High,High,Purple,Upright,Purse,Visible,Neutral,4,18,1.4
19,146,50,Female,52,Morning,Medium,Medium,Black,Bending,No Object,Visible,Sad,9,15,1.49
8,179,77,Female,37,Afternoon,Medium,Medium,Red,Moving,No Object,Not Visible,Sad,11,55,1.87
9,157,66,Female,28,Morning,Medium,Medium,Black,Upright,Purse,Visible,Sad,1,38,2.11
21,176,51,Female,33,Afternoon,Medium,Low,Red,Moving,Purse,Visible,Neutral,9,7,1.69
24,153,82,Female,22,Afternoon,Medium,Low,Purple,Moving,No Object,Partially Visible,Neutral,2,54,2.49
10,151,83,Male,56,Evening,High,Low,Black,Upright,No Object,Partially Visible,Happy,9,21,1.63
23,180,46,Male,49,Night,Medium,Low,Yellow,Upright,Purse,Not Visible,Neutral,8,59,2.31
23,181,55,Male,21,Night,Low,Medium,Black,Upright,No Object,Visible,Neutral,10,17,1.85
20,189,63,Female,47,Morning,Low,Low,Red,Upright,Laptop,Visible,Sad,7,9,1.88
7,175,81,Female,20,Morning,Medium,Medium,Brown,Moving,No Object,Partially Visible,Happy,3,12,1.78
10,165,48,Male,33,Afternoon,Very High,Medium,Brown,Bending,Purse,Partially Visible,Sad,8,26,1.03
18,153,85,Male,47,Afternoon,Medium,Medium,Blue,Upright,No Object,Not Visible,Neutral,4,55,2.14
24,158,60,Male,13,Afternoon,Medium,High,Yellow,Moving,Bag,Partially Visible,Happy,1,35,2.05
21,174,51,Male,46,Evening,Medium,Low,Blue,Upright,Bag,Visible,Neutral,2,11,1.82
13,160,88,Male,22,Evening,Very High,Medium,Brown,Moving,No Object,Visible,Neutral,10,22,1.24
9,166,49,Male,45,Night,High,Low,Yellow,Bending,Purse,Not Visible,Neutral,5,31,1.71
24,152,51,Female,35,Evening,Low,Medium,Red,Upright,Purse,Partially Visible,Neutral,2,34,2.35
10,164,92,Female,13,Afternoon,High,Medium,Green,Bending,No Object,Visible,Neutral,1,51,2.2
11,155,70,Male,48,Morning,High,Low,Blue,Upright,Purse,Visible,Happy,1,7,1.76
24,150,68,Male,24,Afternoon,High,Low,Yellow,Mixed,Laptop,Partially Visible,Sad,9,5,1.17
16,150,79,Female,57,Night,Medium,Medium,Blue,Upright,Purse,Visible,Sad,2,44,2.21
10,168,76,Female,52,Night,High,Medium,Brown,Moving,Bag,Partially Visible,Neutral,9,10,1.26
5,161,75,Female,21,Afternoon,Medium,Medium,Green,Mixed,No Object,Partially Visible,Happy,7,42,2.16
13,149,46,Female,40,Morning,Low,Medium,Red,Bending,Bag,Visible,Neutral,3,23,2.21
24,168,72,Male,29,Morning,Low,Medium,Purple,Moving,Bag,Not Visible,Happy,10,26,1.9
13,152,58,Female,40,Morning,Medium,Medium,Brown,Bending,No Object,Not Visible,Sad,6,13,1.4
18,145,85,Female,38,Evening,Low,Low,Blue,Upright,No Object,Visible,Happy,5,47,2.72
10,150,70,Female,26,Evening,Medium,Medium,Purple,Mixed,Purse,Visible,Happy,8,15,1.7
20,165,51,Female,43,Evening,High,Medium,Brown,Upright,Laptop,Not Visible,Happy,8,5,1.2
20,187,89,Male,24,Morning,High,High,Yellow,Moving,No Object,Visible,Neutral,9,37,1.48
17,155,59,Male,55,Afternoon,Low,Medium,Blue,Bending,No Object,Not Visible,Neutral,7,13,1.72
20,157,58,Female,57,Morning,Low,Medium,Red,Upright,Purse,Visible,Neutral,11,14,1.75
16,155,91,Male,19,Afternoon,High,High,Red,Upright,No Object,Partially Visible,Neutral,5,17,1.18
12,160,83,Male,46,Evening,Medium,High,Black,Upright,Purse,Partially Visible,Sad,3,40,1.86
19,177,87,Male,56,Afternoon,Low,Low,Yellow,Upright,Purse,Visible,Neutral,2,46,2.72
21,159,78,Female,18,Evening,High,High,Purple,Moving,Bag,Partially Visible,Happy,3,55,1.92
21,174,90,Male,47,Afternoon,Low,Low,Purple,Upright,No Object,Visible,Neutral,9,59,2.7
9,185,50,Male,57,Evening,Low,High,Brown,Mixed,Bag,Visible,Neutral,10,17,1.75
18,187,74,Female,22,Afternoon,High,Low,Brown,Upright,Purse,Visible,Neutral,4,16,1.75
5,170,59,Female,39,Afternoon,High,Medium,Green,Upright,Bag,Visible,Neutral,2,16,1.55
16,177,64,Male,50,Morning,Medium,High,Red,Upright,No Object,Visible,Neutral,8,15,1.43
16,186,56,Female,28,Evening,High,Low,Blue,Upright,Purse,Visible,Happy,9,5,1.46
12,180,55,Female,23,Night,Very High,High,Red,Bending,Laptop,Visible,Neutral,1,37,1.46
24,158,67,Male,31,Evening,Low,Medium,Brown,Upright,Purse,Visible,Neutral,2,5,1.88
22,150,90,Male,28,Evening,High,Low,Black,Bending,No Object,Visible,Neutral,4,7,1.49
5,150,76,Female,46,Night,Low,High,Yellow,Bending,No Object,Not Visible,Happy,6,26,1.87
9,184,62,Male,29,Morning,Medium,Medium,Blue,Upright,No Object,Visible,Happy,2,49,2.46
9,170,66,Male,30,Night,Medium,High,Purple,Upright,No Object,Partially Visible,Neutral,7,31,1.62
22,158,71,Female,57,Morning,Medium,High,Yellow,Upright,Purse,Visible,Neutral,6,26,1.69
15,160,57,Male,39,Evening,Low,Low,Purple,Upright,Bag,Visible,Happy,9,15,2.24
19,157,71,Male,56,Night,High,Low,Brown,Moving,Purse,Visible,Neutral,11,42,1.97
21,181,79,Male,46,Night,Medium,Low,Green,Upright,No Object,Visible,Neutral,2,22,2.1
20,172,57,Male,54,Afternoon,Very High,Medium,Brown,Upright,No Object,Partially Visible,Neutral,5,59,1.85
6,184,74,Male,21,Night,Medium,Low,Brown,Bending,No Object,Partially Visible,Neutral,10,12,1.62
7,158,80,Male,57,Evening,High,Low,Blue,Upright,No Object,Visible,Neutral,1,48,2.25
12,166,70,Female,57,Morning,Medium,High,Red,Mixed,Laptop,Visible,Neutral,10,42,1.74
